group,TF,Regulon
2,PKNOX1_(+),"['ATP6V1B2', 'KLHL6', 'NCBP1', 'PEX11B']"
2,NFYB_(+),"['ACOT7', 'ANAPC4', 'APC', 'ASB16-AS1', 'BRMS1', 'C11orf21', 'C11orf54', 'C18orf21', 'CDC16', 'CSNK1E', 'CSRP1', 'CTDNEP1', 'CYB5D2', 'DDX55', 'DUSP14', 'DYRK2', 'EDRF1', 'EIF2AK1', 'ERO1B', 'FAM32A', 'GABPA', 'GMEB2', 'GPM6B', 'GSR', 'HCFC1', 'HNRNPH3', 'IDH1', 'KANSL3', 'KIR2DL3', 'LIPE-AS1', 'LIPT1', 'M6PR', 'MAFK', 'MAN2C1', 'MED17', 'MGA', 'MT1F', 'MTFR1L', 'MTURN', 'NADSYN1', 'NR2C2', 'OCIAD1', 'ORC4', 'PDE4B', 'PPM1M', 'PPP1R21', 'RAB22A', 'RANBP9', 'RFTN1', 'RHOG', 'RNF121', 'SEPW1', 'SETBP1', 'SFT2D1', 'SLC25A40', 'SLC39A4', 'SLFN12L', 'STYXL1', 'TAF13', 'TRAF3', 'TRIM5', 'TTC31', 'VAMP4', 'VCPKMT', 'VPS11', 'ZBTB24', 'ZKSCAN1', 'ZNF134', 'ZNF254', 'ZNF397', 'ZNF468', 'ZNF548', 'ZNF626']"
2,ZNF333_(+),"['ATP10A', 'DGCR6L', 'DUSP16', 'EID3', 'HEATR5A', 'HVCN1', 'IPO9', 'KBTBD2', 'LMOD3', 'MAN2A1', 'MIB1', 'MRPS31', 'NUP160', 'PMS2', 'PRPS1', 'RASSF7', 'RC3H2', 'SLC25A28', 'SPTSSB', 'TET2', 'THAP11', 'TP53BP1', 'TYK2', 'VAPB', 'ZFP90', 'ZNF333', 'ZNF395', 'ZNF43', 'ZNF621', 'ZNF699']"
2,MXD1_(+),"['CUL4B', 'EGR1', 'ETV3', 'HSPA6', 'YBX3']"
2,NFATC3_(+),"['AES', 'ATP5G3', 'ATP5L', 'CDC25B', 'COPS7A', 'CX3CR1', 'DENND1C', 'FGFR1OP', 'FGR', 'FYB', 'LENG1', 'MAP3K13', 'MINOS1', 'MLC1', 'MTOR', 'PIP5K1C', 'RARRES3', 'RBL2', 'SEPT7', 'SPN', 'UCP2']"
2,GABPB1_(+),"['AES', 'ALDH3A2', 'ATP5A1', 'ATP5E', 'ATP5G2', 'ATP5G3', 'ATP5I', 'ATP5J', 'C14orf2', 'C18orf25', 'C19orf43', 'C6orf48', 'CCL4', 'CCL4L2', 'FAM65B', 'GABPB1', 'GLTSCR2', 'HN1', 'KLF10', 'LINC00869', 'PIAS4', 'PVT1', 'RHOG', 'RRAS2', 'SEPT7', 'SEPT9', 'SHFM1', 'SLC10A7', 'SULF2', 'TCEB2', 'WEE1']"
2,SOX4_(+),"['ATP5B', 'CAPG', 'CXXC5', 'EID2', 'FURIN', 'IKZF2', 'MAP4K1', 'MEF2A', 'NAP1L5', 'NCF1', 'PRKAB2', 'SATB1', 'SOX4', 'TCTN3', 'TMIGD2', 'ZNF429']"
2,ZNF680_(+),"['ARL4A', 'ATP5E', 'ATP5G2', 'BTBD2', 'FBXO25', 'FBXW7', 'FOXN3', 'FRYL', 'G2E3', 'MAPK13', 'NF1', 'NFATC1', 'PHLDB2', 'PRKAR1A', 'SPG21', 'ST3GAL5', 'THRA', 'UEVLD', 'ZEB1']"
2,ZBTB14_(+),"['ABCD4', 'ARHGEF2', 'ARHGEF7', 'ATP2C1', 'ATP6V0E2', 'BRWD3', 'C9orf72', 'CBWD2', 'DDX51', 'DNAJC13', 'DNM1L', 'HSPA1B', 'KIAA2013', 'LYPLAL1', 'NHLRC3', 'NUFIP2', 'PPP1R37', 'PPP5C', 'RBM41', 'RUNX1', 'SKA2', 'SNX13', 'TM2D1', 'TULP4', 'VPS13B', 'ZBTB14']"
2,TBP_(+),"['AFF1', 'AGPAT2', 'AHCTF1', 'ANKRD11', 'APOBEC3F', 'APOL6', 'ARL14EP', 'ATP5J', 'ATP5O', 'AUH', 'C16orf58', 'C2orf74', 'C9orf142', 'CAPG', 'CCAR2', 'CCP110', 'CNEP1R1', 'CNOT8', 'CREBL2', 'CWC22', 'CXXC5', 'DHX58', 'DPP9', 'DUSP16', 'EEFSEC', 'EIF4EBP1', 'EXOSC2', 'F11R', 'FABP5', 'FDPS', 'GABPA', 'GOLGA2', 'HDGF', 'HECTD1', 'HEG1', 'IWS1', 'KATNA1', 'LETM1', 'LINC00909', 'LMNA', 'LRRC47', 'LSG1', 'MEPCE', 'MKI67', 'MOSPD2', 'NAA16', 'NBEAL1', 'NCAPD2', 'NECAP2', 'NOL12', 'ODF2', 'OGG1', 'OSBPL11', 'OTUD7B', 'PEX19', 'POLD3', 'POLE3', 'PORCN', 'PPM1K', 'PPP1R3E', 'PRDX3', 'PRKACA', 'PRKCQ-AS1', 'PRR14L', 'PUS10', 'RAD54L2', 'RAP1GAP2', 'RAVER1', 'RBM23', 'RBM48', 'RMND5A', 'SEC16A', 'SELK', 'SERINC3', 'SLC25A46', 'SMC6', 'SNUPN', 'SPATA33', 'SPON2', 'SPOPL', 'TBC1D10A', 'TBP', 'TCF12', 'THRAP3', 'TMEM161B', 'TRAF1', 'TRAF3', 'TRAF4', 'TSEN34', 'U2SURP', 'UBE2Q2', 'UBE3C', 'USP39', 'UTP18', 'UVSSA', 'VCPIP1', 'ZADH2', 'ZMAT5', 'ZNF16', 'ZNF276', 'ZNF511']"
0,IRF8_(+),"['ABRACL', 'ACOT9', 'ACTB', 'ACTG1', 'ACTR3', 'ADAP1', 'AFF4', 'AMD1', 'ANKRD13A', 'AREG', 'ASB16-AS1', 'ATP1B3', 'BBC3', 'C20orf24', 'CACYBP', 'CCDC7', 'CD27-AS1', 'CD69', 'CD7', 'CHI3L2', 'CHMP1B', 'COA6', 'CRIM1', 'CSRP1', 'CTC1', 'CTDSPL2', 'CXorf40B', 'DDX3Y', 'DENND2D', 'DENND4B', 'DLD', 'DNMT3A', 'DUSP1', 'EIF1', 'ERO1A', 'ESD', 'EXOC4', 'FAM107B', 'FGR', 'FKBP5', 'FOXK2', 'FOXO3', 'G6PD', 'GFOD1', 'GMDS', 'GNS', 'GOT2', 'GSN', 'GTF3C1', 'HEIH', 'HOPX', 'ICA1L', 'IER2', 'IFITM1', 'IFITM3', 'IFRD1', 'ITGB2', 'KIR2DL1', 'KIR2DL3', 'KIR3DL1', 'KIR3DL2', 'L3MBTL2', 'LIMS1', 'LINC01588', 'LITAF', 'LMBRD1', 'LMNB1', 'LST1', 'LYZ', 'MAFF', 'MAGOHB', 'MAP3K8', 'MAPRE2', 'MATK', 'MLC1', 'MRPL18', 'MRPS17', 'MRRF', 'MSRA', 'MYL12A', 'NDUFS8', 'NFX1', 'NME2', 'NR4A2', 'ODC1', 'OMA1', 'PAF1', 'PDHA1', 'PFN1', 'PIGL', 'PLCL2', 'PPP1R2', 'PPP3CC', 'PRR7', 'PSMC4', 'PSMD3', 'PTGDR', 'PTPN6', 'PYROXD2', 'RAB10', 'RBM18', 'RBM3', 'RBMX', 'RELL1', 'RHEB', 'RHOC', 'RNF138', 'RNPS1', 'S100A9', 'SACM1L', 'SCLT1', 'SDCBP', 'SEC14L1', 'SERTAD3', 'SESN1', 'SFMBT2', 'SIRT2', 'SLAMF6', 'SLC25A26', 'SLC25A38', 'SLMAP', 'SMIM20', 'SOCS2', 'SOD1', 'SPPL2A', 'SRGAP2C', 'SRSF3', 'SRSF6', 'SYNJ2', 'TBCK', 'TCP1', 'TFRC', 'TMSB10', 'TNFAIP8', 'TNPO2', 'TOM1', 'TPM4', 'TRAF4', 'TRAF5', 'TSC22D1', 'TSFM', 'UBC', 'UBE2E3', 'UGCG', 'USP20', 'VAMP3', 'VAMP4', 'WEE1', 'ZCCHC9', 'ZHX2', 'ZMYM4', 'ZMYM5', 'ZNF445', 'ZNF586', 'ZNF638', 'ZNF644']"
0,JUN_(+),"['AAR2', 'ABHD18', 'ABLIM1', 'ABRACL', 'ABTB1', 'ACAA2', 'ACADM', 'ACAP2', 'ACO2', 'ACP1', 'ACSF3', 'ACTB', 'ACTG1', 'ACYP2', 'ADAM10', 'ADAM8', 'ADGRG1', 'ADH5', 'ADSL', 'AES', 'AFF4', 'AGGF1', 'AGPS', 'ALDH9A1', 'ALDOA', 'ALG11', 'ALG12', 'ALG13', 'ALG3', 'ALKBH3', 'AMD1', 'AMZ2', 'ANKRD27', 'ANKRD28', 'ANKRD36B', 'ANKRD49', 'ANKRD54', 'ANXA1', 'ANXA2R', 'AOAH', 'AP1B1', 'AP2A1', 'AP2M1', 'APEX1', 'APH1A', 'API5', 'AREG', 'ARF4', 'ARHGAP1', 'ARHGAP15', 'ARHGAP4', 'ARHGAP9', 'ARHGDIA', 'ARHGDIB', 'ARHGEF6', 'ARHGEF7', 'ARL13B', 'ARL5B', 'ARL8B', 'ARMC10', 'ARPC3', 'ARPC4', 'ARRDC1', 'ARSA', 'ARSG', 'ASB1', 'ASL', 'ATAD2', 'ATF6', 'ATG16L2', 'ATG3', 'ATG4A', 'ATG4B', 'ATG7', 'ATIC', 'ATP1A1', 'ATP2A3', 'ATP5E', 'ATP5G1', 'ATP5G2', 'ATP5G3', 'ATP5I', 'ATP5L', 'ATP5O', 'ATP6V1G1', 'ATP7A', 'ATPIF1', 'ATXN1L', 'B3GAT3', 'B3GNT2', 'B4GALT3', 'BABAM1', 'BAG6', 'BAZ2B', 'BCAP31', 'BCLAF1', 'BEX4', 'BIN1', 'BIN2', 'BIRC2', 'BLM', 'BLOC1S6', 'BOD1', 'BORCS8', 'BPNT1', 'BRD8', 'BSG', 'BTG2', 'C11orf31', 'C12orf43', 'C12orf57', 'C12orf73', 'C12orf75', 'C14orf166', 'C14orf2', 'C15orf39', 'C16orf58', 'C19orf60', 'C19orf70', 'C1GALT1', 'C20orf24', 'C20orf27', 'C4orf33', 'C5orf15', 'C6orf48', 'C6orf89', 'CABIN1', 'CAMK2G', 'CAND1', 'CAPG', 'CAPRIN1', 'CBWD2', 'CCDC18-AS1', 'CCDC65', 'CCND3', 'CCNH', 'CCNL1', 'CCT2', 'CCT4', 'CD160', 'CD164', 'CD27-AS1', 'CD37', 'CD69', 'CD7', 'CD72', 'CDC123', 'CDC16', 'CDCA4', 'CDIP1', 'CDK4', 'CDK5', 'CEBPZOS', 'CENPK', 'CENPL', 'CENPT', 'CFL1', 'CGGBP1', 'CHCHD1', 'CHCHD3', 'CHCHD5', 'CHD2', 'CHMP1A', 'CHMP1B', 'CHMP2B', 'CHORDC1', 'CIB1', 'CINP', 'CIRBP', 'CKLF', 'CKS2', 'CLASRP', 'CLTB', 'CMPK2', 'CNDP2', 'CNOT8', 'CNPPD1', 'CNPY3', 'COASY', 'COMMD1', 'COMMD5', 'COPE', 'COPS2', 'COPS3', 'COPS5', 'COPS7B', 'COQ10B', 'COQ7', 'CORO1A', 'COX19', 'COX5B', 'COX7A2', 'CPQ', 'CRCP', 'CRELD1', 'CRK', 'CRTAP', 'CRY1', 'CSRNP1', 'CSRP1', 'CST3', 'CSTB', 'CSTF3', 'CTDNEP1', 'CTR9', 'CTSD', 'CUL1', 'CUL2', 'CUTA', 'CXCR3', 'CXCR4', 'CXorf56', 'CYB561A3', 'CYB561D2', 'CYCS', 'DAD1', 'DALRD3', 'DAXX', 'DAZAP2', 'DBI', 'DBNL', 'DCAF11', 'DCAF13', 'DCAF5', 'DCAF7', 'DCP1A', 'DDAH2', 'DDX49', 'DDX5', 'DDX50', 'DEF6', 'DENND2D', 'DERA', 'DHRS7', 'DHX15', 'DIP2A', 'DIS3L2', 'DNAJA1', 'DNAJB1', 'DNAJB6', 'DNAJC1', 'DNAJC2', 'DNAJC9', 'DOK2', 'DPAGT1', 'DPF2', 'DPYD', 'DRAM2', 'DTX3', 'DUS3L', 'DUSP1', 'DUSP10', 'DUSP23', 'DUT', 'ECH1', 'ECHDC1', 'EEF2', 'EEFSEC', 'EFTUD2', 'EIF1', 'EIF1B', 'EIF2B1', 'EIF3B', 'EIF3E', 'EIF3G', 'EIF3H', 'EIF3I', 'EIF3L', 'EIF3M', 'EIF4E', 'EIF4G1', 'EIF5A', 'ELAC1', 'ELF2', 'ELP3', 'EMD', 'ENSA', 'EPC1', 'EPN1', 'ERBB2', 'ERGIC1', 'ERGIC3', 'ERI3', 'ERICH6-AS1', 'ESD', 'ESYT1', 'ETV3', 'EXOSC9', 'FAIM', 'FAM102A', 'FAM122C', 'FAM32A', 'FAM3A', 'FAM49B', 'FAM96B', 'FANCA', 'FBXO4', 'FCGR3A', 'FCMR', 'FCN1', 'FES', 'FGD5-AS1', 'FGR', 'FIP1L1', 'FKBP1A', 'FKBP5', 'FLI1', 'FLOT1', 'FLT3LG', 'FOS', 'FOSB', 'FPGS', 'FXYD5', 'FYB', 'GADD45B', 'GALNT3', 'GAPVD1', 'GARS', 'GATA3', 'GCH1', 'GDI2', 'GFM1', 'GGA3', 'GLE1', 'GLIPR2', 'GLMP', 'GLOD4', 'GLRX5', 'GLTSCR2', 'GLYCTK', 'GLYR1', 'GMDS', 'GNB5', 'GNS', 'GOLGA3', 'GOLPH3', 'GOPC', 'GORASP2', 'GOSR2', 'GOT2', 'GPKOW', 'GPR107', 'GRPEL1', 'GRWD1', 'GSK3B', 'GSN', 'GSTP1', 'GTF3C2', 'GTF3C5', 'GUF1', 'GUSB', 'GZMH', 'GZMM', 'H2AFX', 'HARS', 'HCLS1', 'HDAC2', 'HDHD2', 'HECTD1', 'HELQ', 'HEXA', 'HIBADH', 'HIBCH', 'HIGD2A', 'HIST1H2BN', 'HMG20B', 'HMGB1', 'HMGN3', 'HMGN4', 'HMHA1', 'HNRNPA0', 'HNRNPC', 'HNRNPDL', 'HNRNPK', 'HNRNPM', 'HPF1', 'HPRT1', 'HSD17B10', 'HSP90AA1', 'HSP90AB1', 'HSPA1A', 'HSPA4', 'HSPA6', 'HSPA8', 'HSPE1', 'HSPH1', 'HYPK', 'ICAM3', 'IDH3A', 'IER2', 'IFITM1', 'IFITM3', 'IFNG', 'IFRD1', 'IFT20', 'IFT27', 'IL10RB', 'IL18', 'IL2RB', 'ILF2', 'INO80E', 'INPP5K', 'IQCB1', 'IRF8', 'ISCA1', 'ISG20L2', 'ISY1', 'ITGAM', 'ITGB2', 'ITPA', 'JMJD6', 'JMY', 'JUN', 'JUNB', 'JUND', 'KANSL1-AS1', 'KATNBL1', 'KCNAB2', 'KCTD10', 'KDM4C', 'KDM6A', 'KHDRBS1', 'KHSRP', 'KIAA0930', 'KIF22', 'KIFAP3', 'KIR2DL3', 'KIR3DL1', 'KLF2', 'KLF6', 'KLHDC4', 'KLHL28', 'KLHL9', 'KLRF1', 'KMT2E-AS1', 'LAIR1', 'LAP3', 'LARP1B', 'LAT2', 'LATS2', 'LBH', 'LDHB', 'LDLR', 'LIG1', 'LIMS1', 'LINC00339', 'LINC01138', 'LINC01278', 'LMBRD1', 'LMF2', 'LMNB1', 'LPCAT3', 'LPCAT4', 'LPXN', 'LRPPRC', 'LRR1', 'LSM8', 'LSP1', 'LYPLA1', 'LYPLA2', 'LYRM1', 'LZTFL1', 'MAD1L1', 'MAF1', 'MAFF', 'MAGED1', 'MAGEF1', 'MAML2', 'MAP3K11', 'MAP3K13', 'MAP3K7', 'MAP3K8', 'MAPKAP1', 'MAPRE1', 'MAPRE2', 'MARCH9', 'MATK', 'MBNL2', 'MCFD2', 'MCM3', 'MCM5', 'MCM7', 'MCRIP1', 'MCRS1', 'MED10', 'MEF2C', 'METTL14', 'METTL2A', 'METTL2B', 'METTL3', 'MFF', 'MFN1', 'MFSD14A', 'MFSD5', 'MIB2', 'MICB', 'MICU1', 'MIDN', 'MIEN1', 'MINOS1', 'MIS18BP1', 'MKNK1', 'MMADHC', 'MMGT1', 'MNT', 'MORF4L2', 'MPC2', 'MPV17', 'MRPL16', 'MRPL18', 'MRPL36', 'MRPL4', 'MRPL51', 'MRPS27', 'MRPS36', 'MRRF', 'MSH3', 'MTG1', 'MTHFD2L', 'MTHFS', 'MTX2', 'MYCBP', 'MYL12A', 'MYLIP', 'MYNN', 'MYOM2', 'NAA20', 'NAA38', 'NAA40', 'NAB1', 'NAE1', 'NAPA', 'NBEAL1', 'NCAPD2', 'NCBP2', 'NCKAP1L', 'NCOA4', 'NCOA6', 'NCR1', 'NCSTN', 'NDUFA13', 'NDUFB1', 'NDUFS3', 'NDUFS7', 'NDUFV1', 'NDUFV2-AS1', 'NEK1', 'NEK9', 'NEMF', 'NFKBIA', 'NFKBIB', 'NFKBID', 'NFKBIZ', 'NFYC', 'NGLY1', 'NHLRC2', 'NIFK-AS1', 'NIPA2', 'NIPAL3', 'NME1', 'NME6', 'NOC2L', 'NOSIP', 'NPAT', 'NPEPPS', 'NR1H2', 'NR4A1', 'NR4A2', 'NSMCE1', 'NSUN6', 'NUBP2', 'NUDT14', 'NUDT5', 'NUP153', 'NUTF2', 'NXPE3', 'NXT1', 'OAS2', 'OASL', 'OCIAD2', 'OFD1', 'ORC4', 'OSBP', 'OSBPL5', 'OSBPL8', 'OSTC', 'OSTM1', 'OTUB1', 'OXCT1', 'PABPC1', 'PACSIN2', 'PAFAH1B2', 'PAG1', 'PAM', 'PAPSS1', 'PARN', 'PARP8', 'PARVG', 'PCGF5', 'PCGF6', 'PCMTD1', 'PDCD10', 'PDCD6', 'PDCD6IP', 'PDE4B', 'PDIA6', 'PDK2', 'PDXDC1', 'PEF1', 'PEPD', 'PFN1', 'PGD', 'PGLS', 'PGM1', 'PGM2L1', 'PGS1', 'PHB', 'PIGK', 'PIGT', 'PIN1', 'PLEC', 'PLEKHF1', 'PLEKHG3', 'PLEKHJ1', 'PLEKHM1', 'PLOD1', 'PLP2', 'PMAIP1', 'PMEPA1', 'PMF1', 'PMPCA', 'POLE4', 'POLG2', 'POLR2E', 'POLR2G', 'POLR2L', 'POLR2M', 'PPIA', 'PPIE', 'PPIH', 'PPIL2', 'PPP1CA', 'PPP1CC', 'PPP1R10', 'PPP1R15A', 'PPP1R18', 'PPP2CA', 'PPP2R1A', 'PPP2R5E', 'PPP3CB', 'PPP3CC', 'PPP4C', 'PPP5C', 'PPP6C', 'PPT1', 'PRELID3B', 'PRIM2', 'PRKAG1', 'PRKAG2', 'PRKDC', 'PRMT2', 'PRMT9', 'PRPF19', 'PRPF3', 'PRPSAP1', 'PRR7', 'PSMB3', 'PSMB7', 'PSMC1', 'PSME3', 'PSMG2', 'PTBP1', 'PTEN', 'PTER', 'PTGDR', 'PTMA', 'PTPN6', 'PTPN9', 'PTRH2', 'PTS', 'PXN', 'RAB11A', 'RAB11B', 'RAB1B', 'RAB5A', 'RAB7A', 'RABEP2', 'RABEPK', 'RABGGTA', 'RABIF', 'RACK1', 'RAD17', 'RAD23A', 'RALY', 'RASA2', 'RASGRP2', 'RASSF1', 'RAVER1', 'RB1', 'RBBP5', 'RBFA', 'RBL2', 'RBM18', 'RBM3', 'RBM42', 'RBM48', 'RBM8A', 'RCN1', 'REPS1', 'REV1', 'RFC2', 'RFC4', 'RGCC', 'RGL2', 'RGS3', 'RHOA', 'RHOB', 'RIOK1', 'RIPK2', 'RMDN3', 'RNF10', 'RNF125', 'RNF138', 'RNF167', 'RNF44', 'RNPC3', 'RNPS1', 'RPE', 'RPL12', 'RPL18', 'RPL22L1', 'RPL26L1', 'RPL27A', 'RPL29', 'RPL32', 'RPL34', 'RPL36', 'RPL36A', 'RPL37', 'RPL7', 'RPN1', 'RPS12', 'RPS15A', 'RPS19', 'RPS24', 'RPS27L', 'RPS4X', 'RPS4Y1', 'RPS5', 'RPS6', 'RPS6KA1', 'RPS6KC1', 'RSL1D1', 'RSL24D1', 'RSRP1', 'RSU1', 'RWDD4', 'RXRA', 'S1PR4', 'SAP18', 'SART1', 'SASH3', 'SAT1', 'SBDS', 'SCLT1', 'SCML4', 'SCPEP1', 'SDAD1', 'SDHAF3', 'SDHC', 'SDR39U1', 'SEC13', 'SEC22B', 'SEC24A', 'SEC31A', 'SECISBP2', 'SELK', 'SELPLG', 'SELT', 'SEPT6', 'SEPT7', 'SEPW1', 'SERTAD1', 'SERTAD3', 'SETD4', 'SETDB1', 'SF1', 'SF3A1', 'SF3A2', 'SF3B3', 'SF3B4', 'SH2D1B', 'SH3BGRL3', 'SH3BP1', 'SH3BP2', 'SH3YL1', 'SHC1', 'SHFM1', 'SHISA5', 'SHMT2', 'SIDT1', 'SIRT6', 'SKI', 'SKIV2L', 'SLC1A7', 'SLC25A20', 'SLC25A22', 'SLC25A36', 'SLC25A40', 'SLC25A46', 'SLC27A3', 'SLC30A5', 'SLC35A4', 'SLC35B3', 'SLC35C2', 'SLC35F5', 'SLC38A2', 'SLC39A8', 'SLC44A1', 'SLC44A2', 'SLC9A3R1', 'SMARCC2', 'SMIM15', 'SMKR1', 'SND1', 'SNF8', 'SNHG16', 'SNHG3', 'SNHG5', 'SNHG8', 'SNHG9', 'SNRK', 'SNRNP27', 'SNRPA', 'SNRPD1', 'SNRPD2', 'SNTB1', 'SNX1', 'SNX15', 'SOCS2', 'SOD1', 'SOD2', 'SPON2', 'SPPL3', 'SRSF2', 'SRSF3', 'SRSF6', 'SRSF7', 'SSBP2', 'SSH1', 'STARD3', 'STARD7', 'STAU2', 'STK25', 'STK26', 'STOM', 'STXBP2', 'SYF2', 'SYK', 'SYNGR2', 'TADA2A', 'TAF12', 'TAGLN2', 'TANGO2', 'TAPBPL', 'TARS', 'TBC1D9B', 'TBCB', 'TBCC', 'TBL3', 'TBRG1', 'TCEAL3', 'TCEB2', 'TCIRG1', 'TCP11L1', 'TCTA', 'TCTN3', 'TES', 'TFIP11', 'TGFB1', 'THAP1', 'THOC6', 'THOC7', 'TIMM10', 'TIMM13', 'TIMM23', 'TIMM50', 'TKT', 'TLE1', 'TLE4', 'TM9SF1', 'TM9SF2', 'TM9SF4', 'TMA7', 'TMBIM1', 'TMC6', 'TMC8', 'TMED2', 'TMEM106C', 'TMEM107', 'TMEM109', 'TMEM131', 'TMEM161A', 'TMEM167A', 'TMEM184B', 'TMEM19', 'TMEM219', 'TMEM223', 'TMEM230', 'TMEM260', 'TMEM39A', 'TMEM9B', 'TMIGD2', 'TMSB10', 'TMSB4X', 'TMUB2', 'TOMM22', 'TOMM7', 'TOR2A', 'TOX', 'TP53I13', 'TPD52', 'TPD52L2', 'TPM3', 'TPM4', 'TPP1', 'TPRKB', 'TPST2', 'TRA2B', 'TRAF1', 'TRAPPC13', 'TRAPPC3', 'TRAPPC6A', 'TRIM27', 'TRIM34', 'TRIM4', 'TRIP12', 'TRMT1', 'TRMT6', 'TSC22D3', 'TSGA10', 'TSN', 'TSPAN31', 'TSPYL2', 'TSPYL4', 'TTC38', 'TUBA1A', 'TUFM', 'TWF2', 'TXN2', 'TXNIP', 'U2AF1', 'UBA1', 'UBAP2', 'UBB', 'UBC', 'UBE2M', 'UBE3A', 'UBE4B', 'UBR4', 'UBXN1', 'UFC1', 'UFL1', 'UFM1', 'UNC45A', 'UPF3A', 'UPF3B', 'UQCR11', 'UQCRC1', 'UQCRH', 'UROS', 'USE1', 'USMG5', 'USP34', 'VASP', 'VMP1', 'VPS16', 'VPS25', 'VPS33A', 'VRK3', 'WBP11', 'WDR1', 'WDR33', 'XPNPEP1', 'XPO4', 'XRCC1', 'XRCC5', 'YBX1', 'YME1L1', 'YPEL5', 'YWHAZ', 'YY1AP1', 'ZAP70', 'ZBTB10', 'ZBTB17', 'ZBTB8OS', 'ZCCHC7', 'ZDHHC3', 'ZDHHC4', 'ZFAND2B', 'ZFAND5', 'ZFP36', 'ZFYVE28', 'ZMPSTE24', 'ZNF121', 'ZNF207', 'ZNF32', 'ZNF410', 'ZNF490', 'ZNF518A', 'ZNF557', 'ZNF821', 'ZNF84', 'ZSWIM7']"
0,TBX21_(+),"['AAMP', 'AATF', 'ABCB8', 'ABCC1', 'ABCD3', 'ABCD4', 'ABCE1', 'ABI1', 'ABI3', 'ABRACL', 'ACAA2', 'ACADM', 'ACAP1', 'ACAP2', 'ACBD6', 'ACP5', 'ACSL4', 'ACTB', 'ACTG1', 'ACTN4', 'ACTR1A', 'ACTR2', 'ACTR3', 'ADA', 'ADAM28', 'ADAM8', 'ADAMTS10', 'ADCY7', 'ADD3', 'ADGRE5', 'ADGRG1', 'ADH5', 'ADO', 'ADPGK', 'ADRM1', 'ADSL', 'AGGF1', 'AGK', 'AGTPBP1', 'AGTRAP', 'AHNAK', 'AHSA1', 'AKAP11', 'AKAP13', 'AKR1C3', 'AKT1', 'AKT2', 'ALAD', 'ALDOA', 'ALG12', 'ALG8', 'AMD1', 'ANAPC1', 'ANAPC4', 'ANKMY2', 'ANKRD36', 'ANKRD44', 'ANP32A', 'ANXA11', 'ANXA2', 'ANXA4', 'ANXA6', 'ANXA7', 'AOAH', 'AP1G2', 'AP1M1', 'AP2M1', 'AP3S2', 'AP4B1', 'AP5Z1', 'APH1A', 'APOBEC3C', 'APOL6', 'APRT', 'AREL1', 'ARF3', 'ARF5', 'ARF6', 'ARFGAP3', 'ARFGEF2', 'ARHGAP25', 'ARHGAP27', 'ARHGAP30', 'ARHGAP4', 'ARHGDIB', 'ARHGEF1', 'ARHGEF12', 'ARHGEF18', 'ARHGEF2', 'ARHGEF3', 'ARHGEF7', 'ARID1A', 'ARL4A', 'ARL4C', 'ARPC1B', 'ARPC2', 'ARPC3', 'ARPC4', 'ARPC5L', 'ARRB1', 'ARRB2', 'ARRDC1', 'ASCC2', 'ASCL2', 'ASPSCR1', 'ATF6B', 'ATG101', 'ATG16L2', 'ATG7', 'ATIC', 'ATM', 'ATP2A3', 'ATP2B4', 'ATP6V0A2', 'ATP6V0C', 'ATP6V0D1', 'ATP6V0E2', 'ATP6V1C1', 'ATP6V1F', 'ATP8B4', 'ATPAF1', 'ATRX', 'AUP1', 'AZIN1', 'B3GAT3', 'B3GNT7', 'B4GALT1', 'BABAM1', 'BACH1', 'BAG6', 'BANF1', 'BATF', 'BAZ1A', 'BAZ1B', 'BCL3', 'BCLAF1', 'BEX2', 'BICDL1', 'BID', 'BIN1', 'BIN2', 'BIRC6', 'BISPR', 'BLCAP', 'BLOC1S2', 'BMS1', 'BRD2', 'BRK1', 'BRPF1', 'BTAF1', 'C11orf21', 'C11orf58', 'C11orf98', 'C16orf72', 'C19orf12', 'C1orf35', 'C1orf43', 'C21orf91', 'C2orf76', 'C6orf48', 'C6orf89', 'C8orf59', 'C9orf16', 'CAAP1', 'CACYBP', 'CADM1', 'CALM1', 'CALR', 'CAP1', 'CAPN1', 'CAPN2', 'CAPRIN1', 'CAPZA1', 'CAPZB', 'CARD11', 'CARS2', 'CASP10', 'CAST', 'CC2D1A', 'CC2D1B', 'CCAR1', 'CCDC107', 'CCDC115', 'CCDC18', 'CCDC28B', 'CCDC50', 'CCDC58', 'CCDC69', 'CCDC88B', 'CCDC97', 'CCND2', 'CCND3', 'CCNDBP1', 'CCNI', 'CCT2', 'CCT5', 'CD160', 'CD164', 'CD244', 'CD247', 'CD37', 'CD38', 'CD3E', 'CD46', 'CD47', 'CD53', 'CD7', 'CD72', 'CDC23', 'CDC25B', 'CDC37', 'CDC42', 'CDC42EP3', 'CDK10', 'CDK16', 'CDK17', 'CDK2AP2', 'CELF2', 'CENPT', 'CEP78', 'CFAP20', 'CFL1', 'CGGBP1', 'CHCHD3', 'CHD8', 'CHD9', 'CHI3L2', 'CHMP6', 'CHRAC1', 'CHST11', 'CHST2', 'CHTOP', 'CHURC1', 'CIAO1', 'CISD1', 'CISD3', 'CIZ1', 'CLIC1', 'CLIC3', 'CLINT1', 'CLIP1', 'CLN8', 'CLPTM1', 'CLPX', 'CLSTN3', 'CLTA', 'CLTC', 'CMKLR1', 'CMTM3', 'CNDP2', 'CNN2', 'CNNM3', 'CNOT7', 'CNPY3', 'COMMD4', 'COPS3', 'COQ5', 'CORO1A', 'COX18', 'CPSF6', 'CRADD', 'CRELD2', 'CRIM1', 'CRK', 'CRLF3', 'CSK', 'CSNK1G1', 'CSNK2B', 'CSTB', 'CTC1', 'CTDSP1', 'CTDSP2', 'CTNNBIP1', 'CTSC', 'CTSD', 'CTSW', 'CUX1', 'CWC15', 'CX3CR1', 'CXXC5', 'CYB561A3', 'CYB5R1', 'CYB5R3', 'CYFIP2', 'CYP51A1', 'CYSLTR1', 'CYTH1', 'CYTH4', 'DAB2', 'DAPK3', 'DAXX', 'DAZAP2', 'DBI', 'DBNL', 'DCAF11', 'DCAF5', 'DCAF7', 'DCP1B', 'DCP2', 'DCPS', 'DCTN2', 'DCTN4', 'DDHD2', 'DDIT4', 'DDOST', 'DDX17', 'DDX39A', 'DDX5', 'DDX56', 'DECR1', 'DEF6', 'DENND1B', 'DENND1C', 'DENND2D', 'DENND4B', 'DENND6A', 'DFFA', 'DGKZ', 'DHPS', 'DHRS4', 'DHRS7', 'DHX15', 'DHX30', 'DHX38', 'DIAPH1', 'DICER1', 'DIP2A', 'DIS3L2', 'DLGAP4', 'DNAJA2', 'DNAJB1', 'DNAJC1', 'DNAJC7', 'DNM2', 'DNMT1', 'DOCK10', 'DOCK2', 'DOK2', 'DPP8', 'DPYD', 'DTX3', 'DVL3', 'DYM', 'DYNC1H1', 'EAF1', 'EBP', 'ECHS1', 'EDRF1', 'EEA1', 'EFCAB14', 'EFR3A', 'EFTUD2', 'EGR2', 'EHMT1', 'EIF2AK1', 'EIF2B1', 'EIF3A', 'EIF3G', 'EIF3I', 'EIF3L', 'EIF4E2', 'EIF4EBP2', 'EIF4G1', 'EIF4G2', 'EIF4G3', 'EIF4H', 'EIF6', 'ELMO1', 'ELMO2', 'ELP6', 'EMC6', 'EMG1', 'EMP3', 'ENPP4', 'ENSA', 'EPRS', 'EPS15L1', 'ERAP1', 'ERAP2', 'ERCC3', 'ERCC5', 'ERH', 'ERI1', 'ERICH1', 'ERV3-1', 'ESYT1', 'ESYT2', 'ETF1', 'ETFA', 'EVL', 'EXOC4', 'EXOC5', 'FAM120B', 'FAM122A', 'FAM13B', 'FAM172A', 'FAM32A', 'FAM3A', 'FAM49B', 'FAM78A', 'FAM8A1', 'FAM91A1', 'FAM96B', 'FARSA', 'FBXL3', 'FBXO22', 'FBXO42', 'FBXO7', 'FBXW5', 'FCER1G', 'FCGR3A', 'FCMR', 'FDFT1', 'FERMT3', 'FES', 'FEZ2', 'FGD3', 'FGR', 'FHL3', 'FHOD1', 'FKBP1A', 'FKBP5', 'FLI1', 'FLNA', 'FLOT2', 'FNBP4', 'FNDC3B', 'FNTA', 'FOXN2', 'FPGS', 'FTSJ1', 'FUS', 'FUT11', 'FXR2', 'G6PD', 'GABPA', 'GALC', 'GALNT3', 'GANAB', 'GATA3', 'GBF1', 'GCH1', 'GCNT1', 'GDI2', 'GFOD1', 'GHDC', 'GID4', 'GIMAP1', 'GIMAP4', 'GIMAP6', 'GLE1', 'GLRX', 'GLUD1', 'GMPR2', 'GNB2', 'GNG10', 'GNG2', 'GNLY', 'GNPAT', 'GOLGA3', 'GOLGA4', 'GOLGA8B', 'GOLGA8N', 'GON4L', 'GORAB', 'GPATCH1', 'GPATCH8', 'GPBP1L1', 'GPR174', 'GPS1', 'GPSM3', 'GRSF1', 'GRWD1', 'GSAP', 'GSE1', 'GSN', 'GSTK1', 'GSTM4', 'GSTP1', 'GTF2I', 'GTF3C6', 'GZMA', 'GZMB', 'H2AFY', 'H6PD', 'HARS', 'HAUS4', 'HCLS1', 'HCST', 'HDAC1', 'HDAC2', 'HDAC4', 'HDAC7', 'HEATR1', 'HEATR5B', 'HECTD1', 'HENMT1', 'HEXA', 'HIGD1A', 'HIP1', 'HIPK2', 'HIST1H1E', 'HIVEP3', 'HLA-DMA', 'HLA-E', 'HMOX2', 'HNRNPA2B1', 'HNRNPF', 'HNRNPK', 'HNRNPM', 'HNRNPR', 'HNRNPUL1', 'HOOK2', 'HPS1', 'HSCB', 'HSD17B7', 'HSH2D', 'HSP90AB1', 'HSPA4', 'HSPA6', 'HSPA8', 'HSPE1', 'HUWE1', 'HYOU1', 'IARS', 'ICAM2', 'IER2', 'IFITM1', 'IFITM2', 'IFNGR1', 'IGF2R', 'IGFBP7', 'IKBKG', 'IKZF1', 'IKZF2', 'IKZF3', 'IL10RA', 'IL16', 'IL17RA', 'IL18', 'IL18RAP', 'IL21R', 'IL27RA', 'IL2RB', 'IL2RG', 'IL7R', 'ILK', 'IMP3', 'ING3', 'INO80E', 'INPP5D', 'INTS5', 'INTS8', 'IPO7', 'IQGAP1', 'IQSEC1', 'IRAK4', 'IREB2', 'IRF1', 'ISG20L2', 'ISOC2', 'ISY1', 'ITCH', 'ITGA4', 'ITGAL', 'ITGAM', 'ITGAX', 'ITGB1BP1', 'ITGB2', 'ITGB7', 'ITK', 'ITPR2', 'ITPRIP', 'ITSN2', 'IVNS1ABP', 'IWS1', 'JADE1', 'JAGN1', 'JAK1', 'JAK2', 'KANSL1-AS1', 'KCNAB2', 'KCTD10', 'KCTD18', 'KCTD5', 'KDM4A', 'KDM4C', 'KDM5A', 'KDM5C', 'KIAA0232', 'KIAA0355', 'KIDINS220', 'KIR2DL1', 'KIR2DL3', 'KLF10', 'KLF12', 'KLF2', 'KLF7', 'KLRD1', 'KLRK1', 'KNOP1', 'KPNA3', 'KPNA6', 'KPNB1', 'KRI1', 'LAIR1', 'LAMP1', 'LAPTM5', 'LASP1', 'LAT', 'LAT2', 'LBR', 'LCP1', 'LCP2', 'LGALS1', 'LGALS9B', 'LIG3', 'LIMD2', 'LIME1', 'LINC00339', 'LINC00528', 'LINC00667', 'LINC00861', 'LINC00963', 'LINC01278', 'LITAF', 'LMF2', 'LMO4', 'LNPEP', 'LPCAT3', 'LPGAT1', 'LPXN', 'LRCH1', 'LRCH4', 'LRP10', 'LRPPRC', 'LRRC47', 'LRRFIP1', 'LSM1', 'LSM10', 'LSP1', 'LST1', 'LUC7L', 'LY6E', 'LY75', 'LYN', 'LYPLA1', 'LZTFL1', 'M6PR', 'MACF1', 'MAD1L1', 'MAGED2', 'MALT1', 'MANF', 'MAP3K11', 'MAP3K13', 'MAP3K8', 'MAP4K5', 'MAPK8IP3', 'MAPKAPK3', 'MAPRE2', 'MARK3', 'MAT2B', 'MATK', 'MBNL1', 'MBNL3', 'MBOAT7', 'MBTPS1', 'MCL1', 'MCM7', 'MCRS1', 'MCTP2', 'MDC1', 'MDM2', 'MED15', 'MED21', 'METTL21A', 'METTL6', 'MFSD14A', 'MFSD5', 'MIB2', 'MIDN', 'MIEF1', 'MIEN1', 'MIF4GD', 'MIIP', 'MIR181A1HG', 'MKRN2', 'MLC1', 'MLEC', 'MMP23B', 'MMP25-AS1', 'MOB2', 'MOB3A', 'MON1B', 'MRPL13', 'MRPL34', 'MRPL47', 'MRPL48', 'MRPL51', 'MRPL53', 'MRPS11', 'MRPS21', 'MRPS25', 'MRPS34', 'MSN', 'MTA2', 'MTCH1', 'MTG1', 'MTHFD2', 'MTMR14', 'MYH9', 'MYL12A', 'MYNN', 'MYO19', 'MYO1F', 'MYO1G', 'MYO9B', 'MYOM2', 'NAA30', 'NAA60', 'NAALADL1', 'NAB1', 'NAP1L4', 'NAPA', 'NAXE', 'NBEAL2', 'NBR1', 'NCALD', 'NCK1', 'NCKAP1L', 'NCOA2', 'NCOR1', 'NCR1', 'NCR3', 'NDFIP2', 'NDST2', 'NDUFA12', 'NDUFAF7', 'NDUFB7', 'NDUFS2', 'NDUFV1', 'NEK9', 'NEPRO', 'NFATC1', 'NFATC2', 'NFATC3', 'NHP2', 'NIF3L1', 'NIN', 'NIP7', 'NKG7', 'NLRC3', 'NLRP1', 'NOL11', 'NOL8', 'NONO', 'NOP10', 'NOSIP', 'NOTCH1', 'NPEPPS', 'NPRL2', 'NPTN', 'NRBP1', 'NRDC', 'NRROS', 'NSMAF', 'NSUN2', 'NUCB1', 'NUDT2', 'NUMA1', 'NUP210', 'NUP214', 'NUP93', 'NUTF2', 'OGT', 'OIP5-AS1', 'OPA1', 'ORMDL2', 'OSBPL2', 'OSBPL5', 'OSBPL8', 'OTUB1', 'P2RY11', 'PABPC1', 'PAFAH1B1', 'PAFAH2', 'PAG1', 'PAK1IP1', 'PARP15', 'PBX3', 'PCBP1', 'PCBP2', 'PCMTD2', 'PCSK5', 'PCSK7', 'PDCD6IP', 'PDHA1', 'PDK3', 'PDLIM2', 'PDPK1', 'PDZD11', 'PEAK1', 'PEPD', 'PEX16', 'PFKL', 'PFN1', 'PGM2', 'PHACTR2', 'PHF14', 'PHLDA1', 'PHRF1', 'PHTF2', 'PI4KB', 'PIGT', 'PIH1D1', 'PIK3C3', 'PIK3CD', 'PIK3CG', 'PIK3R5', 'PILRB', 'PITRM1', 'PLAC8', 'PLCB2', 'PLCL2', 'PLCXD2', 'PLEKHF1', 'PLEKHG3', 'PLEKHJ1', 'PLEKHM1', 'PLEKHO2', 'PLRG1', 'PLSCR3', 'PMVK', 'PNO1', 'PNP', 'PNPLA2', 'POLDIP3', 'POLR2A', 'POLR2L', 'POM121', 'POP4', 'PPAN', 'PPIA', 'PPIB', 'PPIF', 'PPIH', 'PPM1A', 'PPM1D', 'PPM1G', 'PPM1M', 'PPP1CA', 'PPP1R12A', 'PPP1R18', 'PPP1R37', 'PPP2R1A', 'PPP2R3C', 'PPP3CA', 'PPP3CC', 'PPP4R3B', 'PPP6C', 'PRDX3', 'PREX1', 'PRF1', 'PRKAG1', 'PRKAR1A', 'PRKCB', 'PRKCD', 'PRKCH', 'PRKCSH', 'PRKDC', 'PRMT2', 'PROSER1', 'PRPF4B', 'PRPSAP1', 'PRR5L', 'PRRC2B', 'PSAP', 'PSD4', 'PSMA1', 'PSMA4', 'PSMA5', 'PSMA6', 'PSMB10', 'PSMB2', 'PSMB4', 'PSMB7', 'PSMB8', 'PSMC1', 'PSMC4', 'PSMD13', 'PSMD2', 'PSMD5', 'PSMG4', 'PSPC1', 'PTBP1', 'PTDSS1', 'PTGDR', 'PTPN11', 'PTPN18', 'PTPN2', 'PTPN4', 'PTPN6', 'PTPRCAP', 'PTRHD1', 'PUF60', 'PUM1', 'PWP1', 'PWWP2A', 'PXN', 'PYCARD', 'PYCR2', 'PYGB', 'PYM1', 'QARS', 'R3HDM1', 'RAB10', 'RAB11B', 'RAB14', 'RAB1B', 'RAB29', 'RAB35', 'RAB37', 'RAB4B', 'RAB5C', 'RAB6A', 'RAB7A', 'RABGEF1', 'RAC2', 'RACK1', 'RALA', 'RALB', 'RALY', 'RAP1B', 'RAP1GAP2', 'RAP1GDS1', 'RAPGEF6', 'RASA2', 'RASA3', 'RASGRP2', 'RASSF1', 'RASSF4', 'RASSF5', 'RASSF7', 'RAVER1', 'RB1CC1', 'RBCK1', 'RBL2', 'RBM14', 'RBM23', 'RBM25', 'RBM28', 'RBM3', 'RBM42', 'RBMS1', 'RCOR3', 'RCSD1', 'RDX', 'RFTN1', 'RFXANK', 'RGS19', 'RGS3', 'RHOA', 'RHOC', 'RHOF', 'RHOG', 'RIC1', 'RIC8A', 'RIN3', 'RIOK3', 'RMDN3', 'RNASEK', 'RNF125', 'RNF14', 'RNF149', 'RNF167', 'RNF213', 'RNF31', 'RNF4', 'RNF40', 'RNF44', 'RNGTT', 'RNPEP', 'RNPS1', 'ROCK1', 'RPE', 'RPIA', 'RPN1', 'RPP25L', 'RPS10', 'RPS19BP1', 'RPS4Y1', 'RPS6KA1', 'RPS6KC1', 'RPUSD3', 'RRAS2', 'RRN3', 'RRP15', 'RSL1D1', 'RSRP1', 'RUNX3', 'S100A11', 'S100A9', 'S1PR1', 'S1PR5', 'SAMD3', 'SAMHD1', 'SARS', 'SASH3', 'SBF1', 'SCAF1', 'SCAF11', 'SCAF4', 'SCAMP2', 'SCAP', 'SCLT1', 'SCYL2', 'SCYL3', 'SDF4', 'SDHB', 'SEC14L1', 'SEC23B', 'SEC24C', 'SEC31A', 'SELL', 'SELPLG', 'SEMA4D', 'SENP2', 'SERBP1', 'SERF2', 'SERPINB1', 'SETD3', 'SETX', 'SF3A2', 'SF3B1', 'SFSWAP', 'SFT2D1', 'SGTB', 'SH2D1B', 'SH3BGRL3', 'SH3BP1', 'SH3BP2', 'SH3BP5', 'SHMT2', 'SIDT1', 'SIGIRR', 'SIN3B', 'SIPA1', 'SIRT6', 'SLAMF7', 'SLC12A6', 'SLC16A3', 'SLC16A7', 'SLC20A1', 'SLC25A12', 'SLC25A20', 'SLC25A3', 'SLC25A38', 'SLC25A5', 'SLC27A3', 'SLC30A9', 'SLC35B1', 'SLC35E2B', 'SLC36A4', 'SLC38A10', 'SLC38A2', 'SLC39A7', 'SLC44A2', 'SLC46A3', 'SLC7A6', 'SLC9A3R1', 'SLFN12', 'SLMAP', 'SLU7', 'SMAGP', 'SMAP1', 'SMARCAL1', 'SMARCC1', 'SMARCC2', 'SMC1A', 'SMC4', 'SMC6', 'SNRK', 'SNRPA', 'SNTB1', 'SNW1', 'SNX1', 'SNX10', 'SNX17', 'SNX18', 'SNX20', 'SP1', 'SP2', 'SPATA13', 'SPECC1L', 'SPEN', 'SPN', 'SPNS1', 'SPON2', 'SPOPL', 'SPTAN1', 'SPTBN1', 'SPTSSB', 'SRCAP', 'SRI', 'SRPK2', 'SRPRA', 'SRRT', 'SRSF10', 'SRSF3', 'SRSF4', 'SS18L2', 'SSH2', 'SSU72', 'SSX2IP', 'ST3GAL1', 'ST6GAL1', 'STAT6', 'STAU1', 'STIM1', 'STK24', 'STK26', 'STK39', 'STOM', 'STXBP2', 'SUCO', 'SUMO2', 'SUN2', 'SUPT3H', 'SUPT4H1', 'SUPT5H', 'SUPT7L', 'SURF1', 'SUSD6', 'SYK', 'SYNE1', 'SYNE2', 'SYNGR2', 'SYNRG', 'SYTL1', 'SYTL2', 'SZT2', 'TAF1', 'TAF15', 'TAF2', 'TAP1', 'TAP2', 'TATDN2', 'TBC1D10C', 'TBC1D23', 'TBC1D25', 'TBC1D9B', 'TBCB', 'TBL2', 'TBRG1', 'TBX21', 'TBXAS1', 'TCAIM', 'TCIRG1', 'TCTA', 'TEP1', 'TERF2IP', 'TES', 'TESPA1', 'TEX264', 'TFDP2', 'TGFBR1', 'TGFBR3', 'THOC2', 'THOC7', 'TIAL1', 'TIMM44', 'TIMMDC1', 'TIMP1', 'TINF2', 'TIPRL', 'TLN1', 'TM7SF3', 'TM9SF2', 'TMBIM1', 'TMC6', 'TMC8', 'TMED1', 'TMED10', 'TMEM131', 'TMEM168', 'TMEM184B', 'TMEM219', 'TMEM248', 'TMEM251', 'TMEM39A', 'TMEM60', 'TMSB10', 'TMX1', 'TNFRSF14', 'TNFRSF18', 'TNFRSF1A', 'TNFSF10', 'TNKS2', 'TOB2', 'TP53BP2', 'TPD52L2', 'TPM3', 'TPM4', 'TPP2', 'TPR', 'TPST2', 'TRADD', 'TRAF3IP3', 'TRAF7', 'TRAK2', 'TRAM1', 'TRAPPC1', 'TRAPPC6A', 'TRAPPC8', 'TRERF1', 'TRIM24', 'TRIM34', 'TRIM41', 'TRPV2', 'TRUB2', 'TSC22D4', 'TSG101', 'TSPAN17', 'TSPAN32', 'TSPO', 'TTC16', 'TTC38', 'TUBGCP4', 'TUSC2', 'TWF2', 'TXNDC9', 'TXNIP', 'TXNRD1', 'U2AF1', 'U2AF2', 'UBA2', 'UBA5', 'UBA7', 'UBE2A', 'UBE2D2', 'UBE2F', 'UBE2G1', 'UBE2I', 'UBE2K', 'UBE3A', 'UBE4A', 'UBL7-AS1', 'UBLCP1', 'UBTF', 'UCHL5', 'UCKL1', 'UCP2', 'UPF3B', 'UQCC2', 'URM1', 'USB1', 'USF1', 'USO1', 'USP32', 'USP34', 'USP39', 'USP4', 'UTRN', 'UVRAG', 'UVSSA', 'UXT', 'VAMP4', 'VASP', 'VCP', 'VMAC', 'VMP1', 'VOPP1', 'VPS13B', 'VPS26A', 'VPS26B', 'VPS39', 'VPS4B', 'VPS51', 'WAPL', 'WAS', 'WDR1', 'WDR45B', 'WDR83OS', 'WDSUB1', 'WNK1', 'WRAP73', 'WWC3', 'XBP1', 'XIST', 'XRCC1', 'XRCC5', 'XRCC6', 'XRN2', 'XRRA1', 'YARS', 'YES1', 'YKT6', 'YLPM1', 'YTHDF2', 'YWHAB', 'YWHAH', 'YWHAQ', 'YWHAZ', 'ZAP70', 'ZBTB2', 'ZBTB40', 'ZBTB48', 'ZBTB7B', 'ZDHHC3', 'ZDHHC4', 'ZDHHC5', 'ZEB1', 'ZFAND2A', 'ZFAND2B', 'ZFP36', 'ZFP36L2', 'ZFYVE19', 'ZHX2', 'ZMAT2', 'ZMPSTE24', 'ZMYM4', 'ZMYND8', 'ZNF134', 'ZNF146', 'ZNF22', 'ZNF24', 'ZNF276', 'ZNF302', 'ZNF407', 'ZNF414', 'ZNF444', 'ZNF566', 'ZNF592', 'ZNF600', 'ZNF622', 'ZNF641', 'ZNF655', 'ZNF680', 'ZNF708', 'ZNF770', 'ZNF800', 'ZNF92', 'ZNFX1', 'ZNHIT2', 'ZYX', 'ZZEF1']"
0,RFXANK_(+),"['AKR1A1', 'AKR1C3', 'ANAPC15', 'AP2S1', 'ARCN1', 'ARHGAP19', 'ARHGDIB', 'ARL2BP', 'ARPC1B', 'C14orf166', 'C2orf68', 'CANT1', 'CAPN1', 'CBX5', 'CCDC115', 'CD2BP2', 'CD7', 'CDK11B', 'CEP162', 'CISH', 'CLIC3', 'CRKL', 'DBI', 'DDIT4', 'DGKZ', 'DHX15', 'DPP3', 'EDC4', 'EFHC1', 'EIF3L', 'ENTPD1-AS1', 'ERAL1', 'FAM122B', 'FCER1G', 'FCGR3A', 'FGR', 'FLAD1', 'FYB', 'G6PD', 'GPSM3', 'GSPT2', 'HIST1H1C', 'HMGN2', 'HOXB4', 'HS1BP3', 'IFITM1', 'IFITM2', 'IFITM3', 'KARS', 'KDM4A', 'KIF20B', 'KIR2DL3', 'KLHDC4', 'KPNA2', 'LAMTOR1', 'LSP1', 'MAN2B2', 'MARK2', 'MED16', 'MLC1', 'MLF2', 'MPDU1', 'NADSYN1', 'NAPRT', 'NCALD', 'NFYC', 'NUDT5', 'NUP37', 'OGDH', 'OGG1', 'P2RY11', 'PDPK1', 'PECR', 'PFN1', 'PHF19', 'PLGRKT', 'PLIN3', 'PLOD3', 'PPP1CA', 'PTPN6', 'PTRH2', 'RAB2B', 'RAB35', 'RABEPK', 'RASGRP2', 'REEP4', 'RFXANK', 'RGS3', 'RPS6KA4', 'RPS6KC1', 'SCP2', 'SH3BGRL3', 'SHKBP1', 'SIGIRR', 'SLC25A46', 'SPON2', 'TADA3', 'TANGO2', 'TBC1D10C', 'TBCB', 'TFIP11', 'TM7SF3', 'TMEM199', 'TMEM222', 'TMEM69', 'TMSB10', 'TMUB1', 'TPM3', 'TRADD', 'TRAPPC1', 'TRIB2', 'TRIM21', 'TTF1', 'TUBB4B', 'UBL7-AS1', 'VMAC', 'VPS13B', 'XAB2', 'ZDHHC3', 'ZFPL1', 'ZMYM5', 'ZNF195', 'ZNF276', 'ZNF33B', 'ZNF680', 'ZNF780A']"
0,SIRT6_(+),"['ACTB', 'AIMP2', 'ARPC1B', 'ARRB2', 'BECN1', 'C9orf142', 'CD63', 'CFL1', 'COMMD5', 'CPSF4', 'DDA1', 'DUSP28', 'G6PD', 'GABPA', 'GATAD1', 'GOLGA5', 'HIF1AN', 'IER2', 'KLHL18', 'LSP1', 'MAGOH', 'MBD5', 'MORC3', 'NDUFA1', 'NDUFB7', 'NEMF', 'NHP2', 'NME7', 'NUDT1', 'PITRM1', 'POLR2E', 'PPP1R14B', 'RAB1B', 'RAP1GAP2', 'RECQL', 'RNASET2', 'ROMO1', 'RPRD2', 'RSAD1', 'RUVBL2', 'SCML4', 'SIPA1', 'TRAPPC6A', 'TRIM25', 'TTC14', 'TTPAL', 'WDR1', 'ZNF227', 'ZNF84']"
0,ILF2_(+),"['ABCC1', 'ABHD13', 'ACAA2', 'ACAP2', 'ACO2', 'ACOT7', 'ACOT9', 'ACTL6A', 'ACTR3', 'ADIPOR1', 'ADPGK', 'ADPRHL2', 'ADPRM', 'ADRM1', 'ADSL', 'AFF4', 'AGA', 'AKIRIN2', 'AKT2', 'ALDH9A1', 'ANAPC11', 'ANAPC15', 'ANKRD54', 'ANP32E', 'AP1G2', 'AP1M1', 'AP2S1', 'APH1A', 'ARF1', 'ARF3', 'ARF4', 'ARHGAP1', 'ARHGDIA', 'ARHGEF1', 'ARHGEF6', 'ARID1A', 'ARID4B', 'ARPC1A', 'ARPC4', 'ARPC5L', 'ARRDC1-AS1', 'ATAD1', 'ATAD2', 'ATF6B', 'ATG101', 'ATG16L1', 'ATG5', 'ATP23', 'ATP5G1', 'ATP5G3', 'ATP6V0A2', 'ATP6V0D1', 'ATP6V1H', 'ATXN10', 'AZIN1', 'B3GNT2', 'B4GALT4', 'BAG6', 'BCAP31', 'BEX4', 'BLCAP', 'BLMH', 'BMS1', 'BNIP3L', 'BOD1', 'BORCS5', 'BORCS7', 'BPGM', 'BRD3', 'BRMS1', 'BSG', 'BUB3', 'BUD31', 'BZW1', 'C12orf10', 'C12orf29', 'C19orf48', 'C1QBP', 'C1orf109', 'C5orf22', 'C7orf73', 'C8orf33', 'CACYBP', 'CALM1', 'CAMKMT', 'CAP1', 'CAPRIN1', 'CAPZB', 'CARHSP1', 'CARNMT1', 'CARS', 'CASP8', 'CBLL1', 'CBR4', 'CCAR2', 'CCDC137', 'CCDC152', 'CCDC18', 'CCDC6', 'CCDC82', 'CCM2', 'CCND3', 'CCNL1', 'CCP110', 'CCT2', 'CCT6A', 'CD164', 'CDC123', 'CDC25B', 'CDC37', 'CDYL', 'CEP295', 'CFL1', 'CHCHD3', 'CHCHD7', 'CHMP1A', 'CIAO1', 'CIRBP', 'CISD3', 'CIZ1', 'CKLF', 'CKS2', 'CLASP2', 'CLIC1', 'CLTA', 'CLTC', 'CMC2', 'COA5', 'COG3', 'COMMD10', 'COMMD4', 'COPE', 'COPG1', 'COPZ1', 'COX5B', 'COX6A1', 'COX6B1', 'COX8A', 'CPNE1', 'CPSF1', 'CRY1', 'CSNK2A2', 'CSNK2B', 'CSRP1', 'CUL1', 'CXorf40A', 'CXorf56', 'CYFIP2', 'DAPK3', 'DBI', 'DCAF5', 'DCK', 'DCLRE1C', 'DCP1A', 'DCP2', 'DCPS', 'DCTN3', 'DDA1', 'DDX21', 'DDX39A', 'DDX49', 'DENND4B', 'DENND6A', 'DHPS', 'DKC1', 'DNAJA1', 'DNAJC15', 'DNAJC9', 'DNMT1', 'DPM1', 'DPY30', 'DTWD1', 'DTYMK', 'DUT', 'E2F4', 'EBAG9', 'ECH1', 'ECI2', 'ECSIT', 'EIF2AK3', 'EIF3A', 'EIF3I', 'EIF3J', 'EIF3K', 'EIF4A1', 'EIF4E2', 'EIF4G2', 'EIF4H', 'EIF5A', 'EIF6', 'ELAVL1', 'ELP5', 'EML2', 'ENOPH1', 'ENSA', 'ENTPD1-AS1', 'ENTPD3-AS1', 'ENY2', 'ERCC5', 'ERH', 'ERI3', 'ERLEC1', 'ERP44', 'ETF1', 'ETFA', 'EXOC2', 'EXOC3', 'EZH2', 'EZR', 'FAM111A', 'FAM177A1', 'FAM32A', 'FAM49B', 'FBXO7', 'FBXW2', 'FKBP3', 'FLOT1', 'FMR1', 'FNBP4', 'FOXN2', 'FOXN3', 'FUNDC1', 'GAK', 'GAR1', 'GATA3', 'GCH1', 'GHITM', 'GIGYF2', 'GNAI3', 'GNB2', 'GON4L', 'GORASP2', 'GOSR2', 'GPAA1', 'GPS2', 'GRB2', 'GRWD1', 'GSPT1', 'GSTM4', 'GTF2A1', 'GTF3C5', 'GTF3C6', 'H2AFV', 'H2AFY', 'H2AFZ', 'HACD2', 'HACD4', 'HARS', 'HAUS4', 'HCFC1', 'HDAC2', 'HDAC7', 'HDHD2', 'HGS', 'HIGD1A', 'HINT1', 'HIST1H1E', 'HIST1H4E', 'HMBOX1', 'HMGB1', 'HMGN2', 'HMGN3', 'HMHA1', 'HMOX2', 'HNRNPA1', 'HNRNPA2B1', 'HNRNPAB', 'HNRNPLL', 'HNRNPM', 'HNRNPUL1', 'HPS1', 'HS1BP3', 'HSPA4', 'HSPA8', 'HSPA9', 'HSPB11', 'IDH3B', 'IER2', 'IFT20', 'IFT88', 'IKBKG', 'IL2RB', 'IL2RG', 'ILF2', 'IMMT', 'IMP3', 'IMPA1', 'INPP5K', 'IPO7', 'IQGAP2', 'ISG20L2', 'ISY1', 'ITGB1BP1', 'ITGB2', 'JADE2', 'JTB', 'KARS', 'KAT2B', 'KCTD17', 'KCTD18', 'KCTD20', 'KCTD5', 'KDM2B', 'KDM5A', 'KIDINS220', 'KIR2DL1', 'KLF10', 'KLHDC4', 'KPNB1', 'KRI1', 'KXD1', 'LAPTM4A', 'LARP4B', 'LCOR', 'LETMD1', 'LIN7C', 'LLPH', 'LMAN1', 'LMAN2', 'LMNA', 'LMNB1', 'LRCH4', 'LRRC47', 'LRRC8A', 'LRRFIP2', 'LSG1', 'LSM4', 'LUC7L2', 'M6PR', 'MAD2L1BP', 'MAGOH', 'MAGOHB', 'MAGT1', 'MALSU1', 'MAPKAPK5', 'MAT2A', 'MATK', 'MAU2', 'MCM3', 'MCM7', 'MCRIP1', 'MDN1', 'ME2', 'METAP2', 'METTL14', 'METTL3', 'MGST3', 'MICU2', 'MIIP', 'MKRN2', 'MLLT10', 'MMS22L', 'MORF4L2', 'MRPL13', 'MRPL16', 'MRPL18', 'MRPL28', 'MRPL48', 'MRPL51', 'MRPL52', 'MRPL53', 'MRPL54', 'MRPL9', 'MRPS18A', 'MRPS18B', 'MRPS26', 'MRPS7', 'MSH2', 'MSH6', 'MTA2', 'MTCH2', 'MTG1', 'MTHFD1', 'MTIF3', 'MTR', 'MTX1', 'MVB12A', 'MYH9', 'MYL12A', 'MYL6', 'MYL6B', 'MYLIP', 'NAA38', 'NAPA', 'NASP', 'NAXE', 'NCAPD2', 'NCAPH2', 'NCBP1', 'NCL', 'NDUFAF3', 'NDUFB7', 'NDUFS3', 'NECAP2', 'NEDD8', 'NFKBIB', 'NIFK', 'NIPA2', 'NME2', 'NMRAL1', 'NOL11', 'NOL12', 'NOP10', 'NOP56', 'NPC2', 'NPLOC4', 'NR1D2', 'NR2C2AP', 'NRDC', 'NSMCE1', 'NSUN5', 'NTAN1', 'NUBP1', 'NUBP2', 'NUDC', 'NUDT1', 'NUDT14', 'NUP155', 'NUP37', 'NUS1', 'NUTF2', 'NXT1', 'OARD1', 'OAZ2', 'ODF2', 'OLA1', 'OMA1', 'OPA1', 'OSTC', 'OXR1', 'P4HB', 'PA2G4', 'PACSIN2', 'PAIP2', 'PAPSS1', 'PARK7', 'PBX3', 'PCBP2', 'PCM1', 'PCNA', 'PDCD10', 'PDCD6', 'PDCD6IP', 'PDCL3', 'PDE4B', 'PDXDC1', 'PDZD11', 'PEX2', 'PFDN6', 'PFKL', 'PFN1', 'PGD', 'PHACTR2', 'PHF12', 'PHKG2', 'PHRF1', 'PHTF1', 'PIBF1', 'PIGBOS1', 'PIGK', 'PIGT', 'PIK3CG', 'PISD', 'PLGRKT', 'PNKD', 'PNO1', 'PNRC2', 'POLD3', 'POLR1E', 'POLR2A', 'POLR2D', 'POLR2F', 'POLR2G', 'POLR2M', 'POMP', 'POP7', 'PPIA', 'PPIB', 'PPID', 'PPIF', 'PPM1G', 'PPP1CA', 'PPP2R5E', 'PPP4C', 'PPP4R3A', 'PRDX3', 'PRIM1', 'PRIM2', 'PRKD2', 'PRKDC', 'PRKRA', 'PRMT1', 'PRMT9', 'PRPF31', 'PRPF4B', 'PRPF6', 'PRPS1', 'PRPS2', 'PRPSAP1', 'PRR13', 'PRR5L', 'PSMA1', 'PSMA4', 'PSMA5', 'PSMB2', 'PSMB3', 'PSMB4', 'PSMC2', 'PSMC3', 'PSMC5', 'PSMD14', 'PSMD7', 'PSMD8', 'PSME2', 'PSMG3', 'PTBP1', 'PTBP3', 'PTGES2', 'PTMA', 'PTTG1', 'PTTG1IP', 'PYCR2', 'RAB11A', 'RAB11B', 'RAB7A', 'RAD17', 'RAD23A', 'RAD23B', 'RAD51C', 'RAD51D', 'RAD9A', 'RALY', 'RAN', 'RANBP1', 'RANBP3', 'RANGAP1', 'RANGRF', 'RASGRP2', 'RASSF1', 'RBM19', 'RBM3', 'RBM42', 'RBM8A', 'RBMS1', 'RCC1', 'RCC2', 'RCE1', 'RER1', 'RFC2', 'RFXAP', 'RGS3', 'RHEB', 'RHOT2', 'RIC8A', 'RIF1', 'RNF10', 'RNF115', 'RNF138', 'RNF167', 'RNF4', 'RNF5', 'RNPEP', 'ROMO1', 'RPIA', 'RPN1', 'RPRD1A', 'RPS4Y1', 'RRM2', 'RSL1D1', 'RTN4', 'S100A11', 'S100A9', 'S1PR4', 'S1PR5', 'SAP18', 'SAR1A', 'SBK1', 'SCLY', 'SDHAF2', 'SEC13', 'SEC22B', 'SEC24C', 'SEL1L3', 'SERINC3', 'SF1', 'SF3A1', 'SF3B6', 'SFPQ', 'SGTA', 'SHC1', 'SHOC2', 'SLC1A5', 'SLC20A2', 'SLC25A11', 'SLC25A24', 'SLC25A3', 'SLC25A40', 'SLC35B3', 'SLC36A4', 'SLC39A4', 'SLC46A3', 'SLC4A2', 'SLIRP', 'SMAP1', 'SMARCA4', 'SMARCD1', 'SMARCD2', 'SMC4', 'SMG1', 'SMIM12', 'SMIM7', 'SMS', 'SNAPIN', 'SNRNP70', 'SNRPA', 'SNRPB', 'SNRPB2', 'SNRPC', 'SNRPD1', 'SNRPE', 'SNRPG', 'SNU13', 'SNUPN', 'SNX10', 'SNX14', 'SNX20', 'SNX9', 'SP3', 'SPATA33', 'SPNS1', 'SPTAN1', 'SREK1', 'SREK1IP1', 'SRP14', 'SRSF4', 'SS18L2', 'SSR1', 'SSR2', 'SSRP1', 'STARD4', 'STAU1', 'STK25', 'STRAP', 'STT3A', 'STX18', 'SUMO1', 'SUMO3', 'SUN2', 'SUPT20H', 'SVBP', 'TAF15', 'TAF1B', 'TAF7', 'TAGLN2', 'TAP1', 'TBC1D31', 'TBL3', 'TCOF1', 'TCP1', 'TES', 'TESK1', 'TEX264', 'TEX30', 'TGFB1', 'THAP7', 'THOC3', 'THOC5', 'THUMPD3-AS1', 'THYN1', 'TIMM17A', 'TM9SF2', 'TMED2', 'TMED7', 'TMEM126B', 'TMEM173', 'TMEM18', 'TMEM189', 'TMEM199', 'TMEM223', 'TMPO', 'TMSB10', 'TMUB1', 'TMX1', 'TOLLIP', 'TOMM22', 'TOPBP1', 'TOR3A', 'TP53I13', 'TPD52L2', 'TPM3', 'TPR', 'TPRKB', 'TRAPPC1', 'TRAPPC4', 'TRAPPC5', 'TRIM41', 'TRMT112', 'TRMT6', 'TSFM', 'TSG101', 'TSPAN32', 'TSSC4', 'TSTD1', 'TTN-AS1', 'TUBA1C', 'TUBA4A', 'TXNDC17', 'TXNDC9', 'TXNL4A', 'TXNRD1', 'TYMS', 'U2AF2', 'UBA2', 'UBA6', 'UBB', 'UBE2D2', 'UBE2D3', 'UBE2G2', 'UBE2I', 'UBE3A', 'UBE3C', 'UBL5', 'UBL7', 'UBQLN1', 'UCK1', 'UMPS', 'UNK', 'UQCC2', 'UQCRC2', 'UQCRQ', 'URM1', 'UROS', 'USP1', 'USP34', 'USP39', 'USP42', 'VASP', 'VPS33A', 'WDR1', 'WDR74', 'WDR83OS', 'XAB2', 'XRCC5', 'XRCC6', 'YBX1', 'YDJC', 'YIPF2', 'YIPF4', 'YWHAE', 'YWHAQ', 'ZBTB43', 'ZCCHC9', 'ZDHHC12', 'ZER1', 'ZFAS1', 'ZFYVE27', 'ZNF138', 'ZNF468', 'ZNF524', 'ZNF592', 'ZNF593', 'ZNF622', 'ZNF655', 'ZNF708', 'ZNF740', 'ZNF91']"
0,NFYC_(+),"['ABCB7', 'ACADSB', 'ACTB', 'ADAP1', 'ADD3', 'AFF4', 'AGO1', 'AIMP2', 'AK3', 'ALDH16A1', 'AMFR', 'ANAPC15', 'ANXA2', 'AP1M1', 'AP2S1', 'APLP2', 'ARHGAP19', 'ARHGAP4', 'ARHGDIA', 'ARHGDIB', 'ARL2BP', 'ARL6IP1', 'ASCC2', 'ASL', 'ASXL2', 'ATF6B', 'AURKAIP1', 'BAK1', 'BCL2L12', 'BICD2', 'C2orf68', 'C8orf59', 'C9orf16', 'CALM3', 'CANT1', 'CAPN1', 'CASZ1', 'CCAR2', 'CCND3', 'CD38', 'CENPK', 'CEP162', 'CFL1', 'CHMP1A', 'CHST11', 'CINP', 'CISH', 'CKAP2', 'CLPP', 'CLSTN3', 'COPG1', 'COPS7A', 'COQ10B', 'CRLF3', 'CRYZ', 'CS', 'CYB561A3', 'DCAF11', 'DCAF7', 'DDIT4', 'DDX39A', 'DOK2', 'DUSP28', 'DYNC1H1', 'ECH1', 'EDC4', 'EIF5A2', 'ELP3', 'ETV6', 'FAM122B', 'FAM32A', 'FAM65B', 'FBXO7', 'FCER1G', 'FDFT1', 'FLI1', 'FOS', 'FTH1', 'G6PD', 'GALNT10', 'GATAD1', 'GGA3', 'GLB1', 'GLIPR2', 'GLUL', 'GPM6B', 'GSPT2', 'GTF3C3', 'H2AFX', 'HADH', 'HDHD2', 'HMGN2', 'HPF1', 'HPS1', 'HS1BP3', 'HSPBAP1', 'IER2', 'IFITM1', 'IFITM3', 'IL10RB', 'INTS1', 'INTS8', 'ITPKB', 'JMJD8', 'KAT5', 'KATNA1', 'KCTD10', 'KDM4C', 'KLHDC3', 'KLHDC4', 'KPNA2', 'KRBOX4', 'LCK', 'LINC00662', 'LIPT1', 'LONP2', 'LPXN', 'LRCH4', 'LSP1', 'LYPLA2', 'MAD1L1', 'MAD2L2', 'MAEA', 'MARK2', 'MAT2B', 'MCM5', 'METTL2B', 'METTL4', 'METTL6', 'MIEN1', 'MKRN2', 'MLF2', 'MOSPD2', 'MPDU1', 'MTFMT', 'MTPN', 'MYOM2', 'NADSYN1', 'NEMF', 'NFKBIL1', 'NFRKB', 'NFYC', 'NSFL1C', 'NSUN6', 'NUP37', 'OGFOD1', 'OGG1', 'OSTM1', 'PATL1', 'PDCD6IP', 'PFN1', 'PIAS3', 'PIGT', 'PITPNA', 'PLGRKT', 'POLDIP3', 'POLR2E', 'PPP1CA', 'PPP2R5D', 'PRKAG1', 'PRKDC', 'PRPF6', 'PRSS23', 'PSMD7', 'PTBP1', 'RAB35', 'RAC2', 'RAD1', 'RALGAPB', 'RASGRP2', 'RBM22', 'REEP4', 'RFC4', 'RFXANK', 'RGS3', 'RHOA', 'RIPK1', 'RNF168', 'RPL39L', 'RPP38', 'RPS6KC1', 'RUVBL2', 'RWDD4', 'SACM1L', 'SAMM50', 'SDR39U1', 'SERPINB1', 'SF3A2', 'SHKBP1', 'SIPA1', 'SKIV2L', 'SLC1A7', 'SLC35B3', 'SLIRP', 'SLU7', 'SMAD4', 'SSH2', 'STARD3', 'SZRD1', 'TADA3', 'TANGO2', 'TCEAL1', 'TCTN3', 'TFG', 'TFIP11', 'THAP1', 'TIMM50', 'TLK2', 'TMEM173', 'TMEM222', 'TMEM41A', 'TMEM60', 'TMEM9', 'TMIGD2', 'TMSB10', 'TNPO2', 'TP53TG1', 'TPM3', 'TRAF7', 'TRAPPC1', 'TRIB2', 'TRIM59', 'TTF1', 'TUBA1A', 'TUBB4B', 'TUT1', 'UBL7-AS1', 'UBN2', 'UPF3A', 'UQCR11', 'VPS13B', 'WDFY2', 'WDR46', 'WDR75', 'YKT6', 'YWHAB', 'ZAP70', 'ZDHHC3', 'ZFPL1', 'ZKSCAN1', 'ZNF264', 'ZNF276', 'ZNF33B', 'ZNF605', 'ZNF639', 'ZNF680', 'ZNF90']"
0,MAFF_(+),"['ACADSB', 'AREG', 'ARHGDIB', 'ATP5I', 'ATP8B4', 'BAZ2B', 'BCAS2', 'BEX4', 'C12orf43', 'C12orf73', 'C20orf24', 'C20orf27', 'CAMK2G', 'CAP1', 'CCL4', 'CCNK', 'CDC37', 'CDK4', 'CHMP1B', 'CLSTN3', 'CNDP2', 'COQ9', 'CRKL', 'DCTN1', 'DDX5', 'DHRS13', 'DHX40', 'DNAJC9', 'DNPEP', 'DOK1', 'DUSP1', 'EIF5A', 'ELP5', 'ESYT1', 'ESYT2', 'ETV3', 'FAHD2A', 'FAM122C', 'FANCA', 'FOS', 'FOSB', 'FOSL2', 'GLOD4', 'GLYR1', 'GNL2', 'GOT2', 'GPALPP1', 'HCG18', 'HDAC6', 'IDI1', 'IER2', 'IFITM3', 'IFRD1', 'ING4', 'INO80E', 'JUN', 'KIR2DL4', 'KLF7', 'LINC01278', 'LUZP1', 'MAFF', 'MAP4K1', 'MAPRE2', 'MGME1', 'MOAP1', 'MRPS18B', 'NAGPA', 'NFATC2', 'NFX1', 'NIPSNAP3A', 'NR4A2', 'NUDT14', 'NXT1', 'PAFAH1B1', 'PEF1', 'PGM1', 'POLR3D', 'PPP1R15A', 'PRKAG1', 'PRMT2', 'PVT1', 'RAB11B', 'RAB37', 'RABGEF1', 'RB1', 'RBM43', 'RFC2', 'RGL2', 'RNF138', 'RNF166', 'SAE1', 'SCOC', 'SEC23B', 'SERTAD3', 'SF3A1', 'SF3B4', 'SH2D3C', 'SH3YL1', 'SIDT1', 'SLC39A1', 'SLC39A8', 'SND1', 'SNHG9', 'SRRT', 'ST3GAL5', 'STX4', 'TAGLN2', 'TCEAL3', 'TFIP11', 'TPST2', 'TRA2A', 'TRA2B', 'UMPS', 'XRCC1', 'YWHAZ', 'ZCCHC17', 'ZFAND2B', 'ZNF331', 'ZSWIM7']"
0,FLI1_(+),"['AASDHPPT', 'ABHD4', 'ABI3', 'ABLIM1', 'ABRACL', 'ACAP1', 'ACBD5', 'ACLY', 'ACSF3', 'ACTB', 'ACTG1', 'ACTN4', 'ADA', 'ADAMTS10', 'ADD3', 'ADGRG5', 'ADPRHL2', 'AGK', 'AGTPBP1', 'AGTRAP', 'AHNAK', 'AIP', 'AK5', 'AKR1C3', 'ALDH9A1', 'ALKBH3', 'ANAPC4', 'ANAPC5', 'ANKRD44', 'ANXA11', 'ANXA2', 'ANXA6', 'AOAH', 'AP1AR', 'AP1B1', 'AP1G2', 'AP2M1', 'AP5M1', 'API5', 'APPBP2', 'APRT', 'ARAF', 'ARF1', 'ARF5', 'ARHGAP15', 'ARHGAP17', 'ARHGAP30', 'ARHGAP4', 'ARHGAP9', 'ARHGEF1', 'ARHGEF6', 'ARL6IP1', 'ARRDC1', 'ARSA', 'ASCL2', 'ASH2L', 'ATF6B', 'ATG16L2', 'ATG4D', 'ATM', 'ATP23', 'ATP2A3', 'ATP2B4', 'ATP8B4', 'ATXN7L1', 'AZIN1', 'BANF1', 'BATF', 'BAZ2A', 'BAZ2B', 'BCCIP', 'BCL2L12', 'BEND7', 'BET1', 'BIN1', 'BIN2', 'BUB3', 'C11orf21', 'C11orf98', 'C12orf57', 'C18orf32', 'C19orf12', 'C1orf162', 'C2orf68', 'CALM1', 'CALR', 'CAMK2G', 'CAP1', 'CAPN12', 'CAPRIN1', 'CASC4', 'CASP3', 'CAT', 'CBLB', 'CCDC115', 'CCDC18-AS1', 'CCDC69', 'CCND3', 'CCNG1', 'CCNI', 'CD244', 'CD2BP2', 'CD37', 'CD38', 'CD3E', 'CD55', 'CD7', 'CDC25B', 'CDC37', 'CDK2AP2', 'CDK5RAP3', 'CDK6', 'CDKAL1', 'CENPK', 'CENPL', 'CENPT', 'CEP250', 'CEP350', 'CEP78', 'CFL1', 'CHCHD7', 'CHD6', 'CHD9', 'CHI3L2', 'CHMP7', 'CHST11', 'CHSY1', 'CISH', 'CKAP2', 'CKLF', 'CLASP1', 'CLCC1', 'CLIC1', 'CLINT1', 'CLP1', 'CLSTN3', 'CLTA', 'CLTC', 'CNBP', 'CNDP2', 'CNN2', 'CNOT8', 'COA1', 'COA5', 'COPS7A', 'COQ5', 'CORO1A', 'COX14', 'COX6B1', 'COX6C', 'COX7A2L', 'COX8A', 'CPSF7', 'CPT1A', 'CRACR2A', 'CRKL', 'CRLF3', 'CRTAP', 'CRYZ', 'CSK', 'CSNK2A1', 'CSNK2B', 'CSRP1', 'CTSW', 'CX3CR1', 'CYB561D2', 'CYB5B', 'CYB5R3', 'CYFIP2', 'CYTH1', 'DAPK3', 'DBNL', 'DCAF11', 'DCAF12', 'DCAF7', 'DCLRE1C', 'DCPS', 'DCTN1', 'DCTN4', 'DDB1', 'DDX10', 'DDX39A', 'DDX39B', 'DDX49', 'DEF6', 'DENND1C', 'DENND2D', 'DENND3', 'DHDDS', 'DHRS4', 'DICER1', 'DIP2A', 'DLEU1', 'DNAJC16', 'DNM2', 'DOCK10', 'DOCK2', 'DOK1', 'DOK2', 'DPM2', 'DPYD', 'DSTYK', 'DUSP1', 'DYM', 'DYNC1H1', 'ECD', 'ECH1', 'EEF1A1', 'EEF2', 'EIF2B1', 'EIF3A', 'EIF3F', 'EIF3G', 'EIF3K', 'EIF3L', 'EIF3M', 'EIF4G2', 'ELF4', 'ELMOD3', 'ELOVL5', 'ELP3', 'EMC2', 'EML3', 'ERICH6-AS1', 'ESYT1', 'ETHE1', 'EXOC4', 'EXOSC1', 'FAM120B', 'FAM136A', 'FAM49A', 'FAM49B', 'FAM8A1', 'FARSB', 'FBL', 'FCER1G', 'FCGR3A', 'FCMR', 'FDFT1', 'FDPS', 'FERMT3', 'FES', 'FEZ2', 'FGD3', 'FGR', 'FHL3', 'FKBP1A', 'FLI1', 'FLNA', 'FLOT1', 'FLOT2', 'FOS', 'FOSB', 'FOXRED1', 'FPGS', 'FTSJ1', 'FUCA2', 'FUT11', 'FXN', 'FXYD5', 'G3BP1', 'G6PD', 'GALNT6', 'GANAB', 'GATA3', 'GCC2', 'GEMIN6', 'GFM1', 'GFOD1', 'GIMAP4', 'GIMAP7', 'GIN1', 'GIT2', 'GLG1', 'GLMP', 'GLRX', 'GLTP', 'GMDS', 'GMIP', 'GNB2', 'GOLPH3', 'GPI', 'GPR107', 'GPR65', 'GRPEL1', 'GRSF1', 'GSN', 'GTF2F1', 'GTF2H4', 'GYPC', 'GZMA', 'GZMM', 'H2AFX', 'H2AFZ', 'HACD3', 'HADH', 'HAGH', 'HARS', 'HAUS2', 'HAUS3', 'HCLS1', 'HCST', 'HDAC7', 'HECTD1', 'HIST1H2AC', 'HIST1H2BN', 'HIST1H4C', 'HIST1H4E', 'HMBOX1', 'HMGB2', 'HMOX2', 'HNRNPA1', 'HNRNPUL1', 'HOPX', 'HP1BP3', 'HPCAL1', 'HPS1', 'HSH2D', 'HSPA8', 'HSPB11', 'HTT', 'HUS1', 'HVCN1', 'IDH3B', 'IFITM1', 'IFITM2', 'IFITM3', 'IFNAR1', 'IFRD2', 'IKZF3', 'IL10RA', 'IL16', 'IL2RB', 'IMP3', 'INO80E', 'INTS10', 'INTS5', 'IRF2BPL', 'ITGA4', 'ITGAL', 'ITGAM', 'ITGB2', 'ITGB3BP', 'ITGB7', 'ITSN2', 'IVNS1ABP', 'JAK1', 'JAK2', 'JAK3', 'JARID2', 'JMJD1C', 'JUN', 'KANSL2', 'KDM4A', 'KDSR', 'KIAA0586', 'KIF20B', 'KIF3B', 'KLF7', 'KLHDC3', 'KLHL28', 'KLRF1', 'KLRK1', 'KPNA2', 'LAIR1', 'LAMTOR3', 'LAMTOR4', 'LAPTM5', 'LARP7', 'LAT', 'LATS1', 'LCK', 'LCMT1', 'LCP1', 'LCP2', 'LGALS9', 'LIMD2', 'LIME1', 'LINC00339', 'LINC00861', 'LINC01278', 'LIPE-AS1', 'LMF2', 'LNPEP', 'LPCAT1', 'LPCAT3', 'LPXN', 'LRP10', 'LSM2', 'LSM5', 'LSP1', 'LUC7L2', 'M6PR', 'MAD1L1', 'MAD2L1', 'MAGEH1', 'MANF', 'MAP3K8', 'MAPK1', 'MAPK13', 'MAPRE2', 'MARK2', 'MAT2B', 'MATK', 'MBNL1', 'MCOLN1', 'MCRS1', 'MCTP2', 'MED8', 'METTL4', 'MFF', 'MFN2', 'MGA', 'MGAT1', 'MIB1', 'MICU1', 'MIEN1', 'MLC1', 'MLF2', 'MMP25-AS1', 'MPG', 'MPV17', 'MRPL18', 'MRPL32', 'MRPL36', 'MRPL51', 'MRPS18B', 'MRPS23', 'MRPS33', 'MRPS35', 'MRPS9', 'MSN', 'MSRB1', 'MTG1', 'MTHFD2', 'MTHFS', 'MYL12A', 'MYNN', 'MYO1G', 'MYSM1', 'MZF1', 'NADSYN1', 'NAPA', 'NCAM1', 'NCAPD2', 'NCK1', 'NCKAP1L', 'NCR1', 'NCR3', 'NDE1', 'NDUFA12', 'NDUFA2', 'NDUFS4', 'NDUFV1', 'NEK9', 'NELFCD', 'NFATC2', 'NFATC3', 'NFIA', 'NHLRC2', 'NIPAL3', 'NKG7', 'NLRC3', 'NMRAL1', 'NMUR1', 'NONO', 'NPRL2', 'NRAS', 'NSMCE1', 'NSUN2', 'NUCB1', 'NUDT14', 'NUDT2', 'NUDT5', 'NUMA1', 'NUP210', 'NUP214', 'NUP37', 'NUTF2', 'OGDH', 'OGT', 'OSBPL8', 'OSTF1', 'OXA1L', 'OXLD1', 'P4HB', 'PABPC1', 'PAM', 'PARP8', 'PARVG', 'PATL1', 'PCBP2', 'PCCB', 'PCM1', 'PCMTD1', 'PCNX2', 'PCSK5', 'PDCD10', 'PDCD2L', 'PDCD6', 'PDGFD', 'PDLIM2', 'PDXDC1', 'PECAM1', 'PFN1', 'PGLS', 'PHACTR4', 'PHKB', 'PIBF1', 'PIGF', 'PIGH', 'PIGL', 'PIK3AP1', 'PIK3CD', 'PIKFYVE', 'PIP5K1A', 'PITPNA-AS1', 'PLAA', 'PLAC8', 'PLCB1', 'PLCB2', 'PLEKHG3', 'PLEKHM1', 'PLIN3', 'PLOD1', 'PLSCR3', 'PMF1', 'PNPLA6', 'PNRC2', 'POLR2E', 'POLR2G', 'POM121', 'POMC', 'POP4', 'PPAN', 'PPIA', 'PPM1G', 'PPP1CA', 'PPP1R18', 'PPP2R1B', 'PPP2R5D', 'PPP2R5E', 'PPP3CC', 'PPP5C', 'PPP6C', 'PPP6R2', 'PRDX3', 'PRF1', 'PRKACB', 'PRKAG2', 'PRKCH', 'PRMT2', 'PRPF39', 'PRPSAP1', 'PRR14L', 'PRR5', 'PRRC2A', 'PRSS57', 'PSAP', 'PSMA5', 'PSMC1', 'PSMF1', 'PSTPIP1', 'PTBP1', 'PTDSS1', 'PTER', 'PTGDR', 'PTGER2', 'PTGES2', 'PTPN4', 'PTPN6', 'PTPRCAP', 'PTRHD1', 'PTTG1', 'PUS10', 'PWP1', 'PXN', 'PYCARD', 'PYCR2', 'PYURF', 'QRSL1', 'RAB11B', 'RAB24', 'RAB29', 'RAB2B', 'RAB37', 'RAB6A', 'RAB8A', 'RAC2', 'RACK1', 'RAD1', 'RAD21', 'RAP1B', 'RASA1', 'RASA2', 'RASA3', 'RASSF1', 'RB1', 'RBL2', 'RBM3', 'RBM6', 'RBMS1', 'RCSD1', 'RDH13', 'REEP4', 'REV1', 'RFX5', 'RGS14', 'RGS19', 'RGS3', 'RHOA', 'RHOBTB3', 'RHOC', 'RHOF', 'RHOG', 'RIC1', 'RIN3', 'RITA1', 'RMDN3', 'RNF125', 'RNF167', 'RNF44', 'RNF8', 'RNPEP', 'RPE', 'RPL4', 'RPS15A', 'RPS23', 'RPS24', 'RPS4Y1', 'RPS6KA1', 'RPS6KA3', 'RPS6KA4', 'RPSA', 'RPUSD3', 'RRP8', 'RSRP1', 'RUVBL2', 'RWDD4', 'SAE1', 'SAFB', 'SAMHD1', 'SASH3', 'SCAF4', 'SCAMP3', 'SCLT1', 'SCML4', 'SDR39U1', 'SEC13', 'SELK', 'SELL', 'SELPLG', 'SEPT6', 'SEPT7', 'SERPINB1', 'SETD1B', 'SF1', 'SF3A1', 'SF3A3', 'SGTB', 'SH2D1A', 'SH2D1B', 'SH2D3C', 'SH3BP1', 'SH3BP2', 'SH3YL1', 'SIGIRR', 'SIPA1', 'SIRT2', 'SIRT5', 'SKAP1', 'SLAMF6', 'SLC25A11', 'SLC25A22', 'SLC25A46', 'SLC2A1', 'SLC35B3', 'SLC38A10', 'SLC44A2', 'SLC9A3R1', 'SMC2', 'SMC4', 'SMG7', 'SMPD4', 'SNIP1', 'SNRK', 'SNRNP27', 'SNRPA', 'SNRPC', 'SNRPE', 'SNX5', 'SPIDR', 'SPN', 'SPON2', 'SPTAN1', 'SPTBN1', 'SPTSSB', 'SRI', 'SRPRA', 'SRSF11', 'SRSF5', 'SSH2', 'ST6GAL1', 'STAMBPL1', 'STARD3', 'STAU1', 'STK25', 'STOM', 'STRADB', 'STX12', 'STXBP2', 'SUN2', 'SUPT20H', 'SYK', 'SYNRG', 'SYTL1', 'SYTL2', 'TADA2A', 'TADA3', 'TAF15', 'TAF6', 'TAGLN2', 'TANGO2', 'TANK', 'TBC1D10C', 'TBC1D17', 'TBC1D22A', 'TBC1D25', 'TBC1D5', 'TBC1D7', 'TBC1D9B', 'TBX21', 'TC2N', 'TCAF1', 'TCEAL1', 'TCF12', 'TCHP', 'TCIRG1', 'TECR', 'TEN1', 'TFCP2', 'TFIP11', 'TGFBR3', 'THAP1', 'THEM6', 'TIMM17B', 'TIMM50', 'TLN1', 'TM9SF2', 'TMC6', 'TMC8', 'TMEM141', 'TMEM173', 'TMEM179B', 'TMEM219', 'TMEM223', 'TMEM33', 'TMEM42', 'TMIGD2', 'TMUB2', 'TNFAIP8L1', 'TNIK', 'TNRC6C-AS1', 'TOX', 'TPGS1', 'TPST2', 'TRAF3IP3', 'TRANK1', 'TRAPPC1', 'TRAPPC3', 'TRAPPC6A', 'TRIB2', 'TRIM59', 'TRIM69', 'TRMT61B', 'TRUB2', 'TSC22D4', 'TSPAN14', 'TSPAN32', 'TSPAN5', 'TSTD1', 'TTC13', 'TTC14', 'TTC38', 'TTN-AS1', 'TUBE1', 'TUBGCP2', 'TUT1', 'TWF2', 'TXK', 'TXN2', 'TXNIP', 'TYK2', 'TYROBP', 'TYW3', 'UBA1', 'UBE2D2', 'UBE2S', 'UBE3A', 'UBR1', 'UCHL5', 'UCP2', 'UIMC1', 'UPF3A', 'UQCC2', 'UQCR11', 'UQCRC1', 'USMG5', 'USP38', 'UTP6', 'VAV1', 'VCP', 'VCPIP1', 'VIM', 'VMA21', 'VPS28', 'VPS72', 'VTA1', 'WARS', 'WDFY1', 'WDR1', 'WDR45B', 'WDR77', 'WDSUB1', 'WRAP73', 'WWP2', 'XAB2', 'XPNPEP1', 'XRCC1', 'XRCC5', 'YES1', 'YTHDF3', 'YWHAB', 'YWHAZ', 'ZAP70', 'ZBTB2', 'ZBTB48', 'ZCCHC7', 'ZCCHC9', 'ZDHHC3', 'ZFAND2A', 'ZFC3H1', 'ZFP36', 'ZFP36L2', 'ZMYND8', 'ZNF207', 'ZNF28', 'ZNF322', 'ZNF394', 'ZNF529', 'ZNF586', 'ZNF600', 'ZNF638', 'ZNF639', 'ZNF720', 'ZNHIT1', 'ZSCAN18', 'ZSWIM7']"
0,RXRB_(+),"['ANXA6', 'ARHGEF12', 'ATP2A3', 'BET1', 'BLZF1', 'C9orf85', 'CARHSP1', 'CARS', 'CCDC84', 'CD3E', 'CHMP1A', 'CLNS1A', 'CNEP1R1', 'CYB5R3', 'DENND2D', 'DHX15', 'DTX3', 'ECI2', 'ELAVL1', 'ELOF1', 'FAAP20', 'FAM96B', 'GATA3', 'GNG10', 'GPATCH11', 'GRK6', 'HACD4', 'HPS3', 'HUS1', 'IFITM3', 'IL18', 'ITCH', 'ITGB2', 'KIAA0586', 'MAP3K7', 'MARCH9', 'MEPCE', 'METAP1', 'NDRG3', 'NECAP2', 'NONO', 'NSUN6', 'OAS3', 'PAAF1', 'PARVG', 'PCBP1-AS1', 'PCED1B', 'PCGF3', 'PDLIM1', 'PHF14', 'PIH1D1', 'PLRG1', 'PPAN', 'PRKCQ-AS1', 'PRPF4', 'PTBP1', 'RAP1GDS1', 'RASGRP2', 'RBAK', 'REPS1', 'RER1', 'RHBDD2', 'RHOC', 'RIOK1', 'RMDN1', 'RP9', 'RPS4Y1', 'RUVBL1', 'RXRB', 'SAE1', 'SCNM1', 'SF3A1', 'SLC25A17', 'SLC25A24', 'SLC44A2', 'SLC9A3R1', 'SP3', 'SPN', 'SSH1', 'TAPBPL', 'TCIRG1', 'TMUB1', 'TTC17', 'TXNRD1', 'UBE2Q1', 'UGGT1', 'URM1', 'UROD', 'USF1', 'USP38', 'USPL1', 'UVRAG', 'VRK3', 'WRNIP1', 'ZAP70', 'ZNF12', 'ZNF264', 'ZNF429']"
1,RELB_(+),"['ADO', 'AKAP5', 'ANKH', 'AP1AR', 'ARID4B', 'ARL14EP', 'ARMCX3', 'ASAP1', 'ASXL1', 'ATP6V1H', 'B4GALT5', 'BCAS2', 'BCL6', 'BHLHE40', 'BIRC2', 'BTG1', 'CCDC107', 'CCNG2', 'CD58', 'CD8A', 'CDKN1A', 'CDKN2C', 'CEBPB', 'CEBPG', 'COX20', 'CTSC', 'CYTIP', 'DDIT3', 'DDX3Y', 'DENND4C', 'DGUOK', 'DPH3', 'EI24', 'EMD', 'FAM162A', 'FAM24B', 'FAM53B', 'FAS', 'FBXO11', 'FDX1', 'FOXK1', 'FXR1', 'GADD45B', 'HEATR5A', 'HIF1A', 'HSD17B7', 'JOSD1', 'KDELR2', 'KLF6', 'KPNA4', 'LINC01578', 'LMNB1', 'LRRC8C', 'LYSMD3', 'MAP1LC3A', 'MAP2K1', 'MAPK1IP1L', 'MED13', 'MOB4', 'MTSS1', 'N4BP3', 'NAB1', 'NDUFV2', 'NFKB1', 'NFKB2', 'NUDCD2', 'OPTN', 'OSER1', 'PAPOLA', 'PLIN2', 'PPP1R16B', 'PRKY', 'QKI', 'RAD21', 'RAD23B', 'RAP2C', 'RDH11', 'RELB', 'RFFL', 'RNF4', 'RRAS2', 'S1PR5', 'SH3GLB1', 'SIK3', 'SLC35B1', 'SLC3A2', 'SNHG12', 'SNHG15', 'SPON1', 'SQSTM1', 'STAT5B', 'STX4', 'TCAF2', 'TMEM165', 'TMEM183A', 'TMEM251', 'TNFRSF1B', 'TRAM1', 'TTC39C', 'TTC7A', 'TWISTNB', 'UBAC2', 'UBE2E3', 'UBE2H', 'UPP1', 'VAPA', 'ZBTB21']"
1,ZNF267_(+),"['ABHD12', 'ACTR3', 'ADAM17', 'AGO2', 'AGTPBP1', 'AHCTF1', 'AKT3', 'ANKRD12', 'ANKRD28', 'AP3B1', 'API5', 'ARAP2', 'ARF4', 'ARHGEF3', 'ARID3B', 'ARID5B', 'ARMCX3', 'ATAD1', 'ATXN1', 'ATXN7L3B', 'AUTS2', 'B4GALT5', 'BACH1', 'BCL3', 'BCLAF1', 'BEX2', 'BHLHE40', 'BRAF', 'C16orf87', 'C21orf91', 'CASD1', 'CAST', 'CCDC6', 'CCPG1', 'CCSER2', 'CDC42EP3', 'CDC42SE2', 'CDC73', 'CEBPG', 'CFLAR', 'CHD1', 'CHD6', 'CHD7', 'CLINT1', 'CNOT2', 'CREBRF', 'CRIM1', 'CROT', 'CSGALNACT2', 'CSNK2A1', 'CSRNP1', 'CYB5R4', 'CYLD', 'DAAM1', 'DAB2', 'DCUN1D5', 'DDI2', 'DDX6', 'DENND1B', 'DENND4A', 'DIS3L2', 'DLGAP4', 'DNAJA1', 'DNAJB14', 'DNAJB6', 'DUSP10', 'DUSP14', 'DUSP22', 'DYNLT1', 'DZIP3', 'EI24', 'EIF3A', 'EIF3J', 'EIF4E', 'EIF4E3', 'EIF5B', 'ELL2', 'ENPP5', 'EPS15', 'ERBIN', 'ERVK13-1', 'ETS1', 'ETV6', 'EZH2', 'FAM102B', 'FAM107B', 'FAM199X', 'FAM3C', 'FAS', 'FBXO28', 'FBXO33', 'FEM1C', 'FGD5-AS1', 'FNBP1', 'FNDC3B', 'FNIP1', 'FOSL2', 'FOXO1', 'FOXP1', 'FRYL', 'GABPB1', 'GADD45A', 'GMEB1', 'GNA13', 'GNPNAT1', 'GOLGA7', 'GPBP1', 'GPCPD1', 'GPR137B', 'GPRIN3', 'HECTD4', 'HERC4', 'HIF1A', 'HIP1', 'HIVEP2', 'HMGCL', 'HMGCS1', 'HMGXB4', 'HNRNPU', 'IL15RA', 'IL18R1', 'INO80D', 'INTS6', 'ITPKB', 'ITPR1', 'JAK2', 'JMJD1C', 'KAT2B', 'KBTBD2', 'KCMF1', 'KDM5B', 'KIF13B', 'KLF3', 'KLF9', 'KMT5A', 'KMT5B', 'KPNA1', 'KPNA3', 'KRAS', 'KTN1', 'LARP4B', 'LINC01578', 'LPP', 'LYSMD2', 'MAML2', 'MAP1LC3B', 'MARCH5', 'MARCH6', 'MED13', 'MEF2A', 'MEX3C', 'MFF', 'MFN1', 'MIER1', 'MIR155HG', 'MLLT3', 'MMAA', 'NAA50', 'NCK1', 'NCOA3', 'NDE1', 'NDFIP2', 'NDUFV2', 'NFATC2', 'NFE2L2', 'NFIA', 'NFKB1', 'NFKBIZ', 'NIN', 'NORAD', 'NPC1', 'NR1D2', 'NUAK1', 'NUDT3', 'NUFIP2', 'OPTN', 'OSBPL9', 'OTULIN', 'PAFAH1B1', 'PAPOLA', 'PBRM1', 'PHACTR2', 'PHF12', 'PHF20', 'PHLDA1', 'PHLDB2', 'PICALM', 'PIK3R1', 'PIM1', 'PLCL2', 'PLEKHF2', 'PLIN2', 'PMAIP1', 'PNRC2', 'PPM1B', 'PPP1CB', 'PPP1R16B', 'PPP2R2A', 'PPP2R5A', 'PPP3CC', 'PPTC7', 'PRIMPOL', 'PSME4', 'PTGER4', 'PTPN1', 'PTPN2', 'QKI', 'RAB21', 'RAB8B', 'RAB9A', 'RAD21', 'RALGAPA2', 'RASGEF1B', 'RBM33', 'RBPJ', 'RC3H2', 'RCBTB2', 'REL', 'REPS1', 'RERE', 'REV1', 'RHOB', 'RORA', 'RUFY2', 'RXRA', 'S100PBP', 'SAMD8', 'SBK1', 'SCAF11', 'SCAF8', 'SDCBP', 'SESN1', 'SETD5', 'SETX', 'SF3B3', 'SH3GLB1', 'SIK3', 'SLK', 'SMAD2', 'SMAP2', 'SMG1', 'SP2', 'SP3', 'SPAG1', 'SPAG9', 'SPOPL', 'SPPL2A', 'SRSF10', 'SSH2', 'ST8SIA4', 'STAG2', 'STAT1', 'STAT4', 'STRN3', 'STRN4', 'STX11', 'STXBP5', 'SULF2', 'TAB2', 'TACC1', 'TAPT1', 'TBC1D25', 'TES', 'TEX10', 'TFAM', 'TFE3', 'TGFBR2', 'TGFBR3', 'TM9SF3', 'TMEM30A', 'TMEM68', 'TMOD3', 'TNFAIP3', 'TOP1', 'TRAF1', 'TRAF3', 'TRIP12', 'TSC22D1', 'TTC21B', 'U2AF1', 'UBE2E3', 'UBE2F', 'UBQLN2', 'UBR5', 'UBXN4', 'UNK', 'UPP1', 'USP12', 'UXS1', 'VAPA', 'VAV3', 'VRK2', 'WAC', 'WBP4', 'WWC3', 'WWP1', 'XIAP', 'YAF2', 'YARS', 'YES1', 'ZBTB1', 'ZBTB21', 'ZC3H4', 'ZC3H7A', 'ZEB2', 'ZFAND3', 'ZFAND5', 'ZFX', 'ZMYM5', 'ZNF131', 'ZNF148', 'ZNF24', 'ZNF260', 'ZNF322', 'ZNF638', 'ZNF644']"
1,NFIL3_(+),"['C21orf91', 'CCDC107', 'DDIT3', 'DENND6A', 'FAM53B', 'GNPTAB', 'LINC01578', 'MTSS1', 'PLIN2', 'POLB', 'PPP3CC', 'RASGEF1B', 'RERE', 'RFFL', 'SNAPC3', 'SNHG12', 'TBPL1', 'TWISTNB', 'UBAC2', 'ZNF160']"
1,TBL1XR1_(+),"['AKAP8', 'ANKH', 'ANKRD11', 'ANKRD12', 'ARCN1', 'ARFGEF1', 'ARGLU1', 'ARID4B', 'ASXL2', 'ATF7IP', 'ATXN7', 'BPTF', 'C11orf58', 'CD46', 'CD8A', 'CHD3', 'CIZ1', 'CNOT6', 'CNOT6L', 'COG2', 'CSTF2T', 'CTDNEP1', 'CTNNB1', 'CUL3', 'DAZAP1', 'DCP1A', 'DDX17', 'DDX6', 'DHPS', 'DNAJC21', 'DOCK8', 'EIF1AX', 'EIF4EBP1', 'EIF4G3', 'EIF5', 'EZR', 'FAM65B', 'FBXL3', 'FGD3', 'FMNL1', 'FNDC3B', 'FRG1', 'GABPA', 'GEMIN6', 'GFOD1', 'GIGYF2', 'GNAS', 'GPATCH1', 'HACL1', 'HADHB', 'HDAC5', 'HMBOX1', 'HMGB1', 'HNRNPA2B1', 'HNRNPH1', 'HNRNPH3', 'HP1BP3', 'IP6K2', 'ISCU', 'JPX', 'KEAP1', 'KLHL36', 'KRAS', 'L3MBTL2', 'LAG3', 'LFNG', 'LINC-PINT', 'LSM14A', 'LUC7L3', 'MARCH6', 'MDM4', 'MED13', 'MFSD10', 'MGAT4A', 'N4BP1', 'N4BP2L2', 'NCOA2', 'NR3C1', 'NSD1', 'OSBP', 'PABPN1', 'PDCD4', 'PHF3', 'PNRC2', 'PPP2R5C', 'PPP4R2', 'PRKAR1A', 'PRKX', 'PRKY', 'PSMA3-AS1', 'PSMD1', 'PTBP1', 'RAB11FIP2', 'RAB2A', 'RABAC1', 'RAC1', 'RAD23B', 'RALA', 'RBM23', 'RBM5', 'RCOR3', 'RFX3', 'RPS6KA3', 'RRP36', 'RUFY1', 'SAMSN1', 'SELT', 'SET', 'SFPQ', 'SP3', 'SRRM2', 'STX10', 'SYNCRIP', 'TAOK1', 'TBL1X', 'TCEB2', 'THAP5', 'THRAP3', 'THUMPD3-AS1', 'TIA1', 'TLE3', 'TMCO1', 'TMEM14B', 'TMEM30A', 'TMPO', 'TNRC6A', 'TNRC6B', 'TOR1A', 'TSC22D2', 'TTC17', 'UBE2Q1', 'UBE2Z', 'UBE3A', 'UBR2', 'UPF3B', 'USP25', 'USP7', 'VRK2', 'WDR48', 'WWP1', 'YTHDC1', 'ZBTB11', 'ZBTB40', 'ZCCHC2', 'ZNF121', 'ZNF143', 'ZNF207']"
1,NFKB2_(+),"['ADAM17', 'ANKRD37', 'ANP32A', 'ARHGEF2', 'ARID3B', 'ARL14EP', 'ASAP1', 'ATP23', 'ATXN2L', 'B4GALT5', 'BCL2L1', 'BCL3', 'BIRC2', 'BIRC3', 'BRAF', 'BRD2', 'BTG3', 'CASP7', 'CASZ1', 'CCDC6', 'CCDC88B', 'CCNG2', 'CD58', 'CEBPB', 'CERS4', 'CHSY1', 'CPD', 'CYB5A', 'CYLD', 'DEGS1', 'DENND4A', 'DLD', 'DOCK10', 'DUSP10', 'DUSP2', 'DUSP5', 'ETV6', 'EZH2', 'FAM24B', 'FAM3C', 'FAS', 'FBRS', 'FOXK1', 'GABPB1', 'GADD45A', 'GADD45B', 'GATAD2B', 'GBP2', 'GNG2', 'GPBP1', 'GRASP', 'H1FX', 'HCP5', 'HIF1A', 'HILPDA', 'HIVEP2', 'HMGA1', 'HNRNPC', 'HSPA13', 'IER5', 'IL15RA', 'IL4R', 'ILKAP', 'ING2', 'INO80B', 'INSIG1', 'IPMK', 'ITPR1', 'JMY', 'KDM2A', 'KDM5B', 'KDM6B', 'LINC01003', 'LPXN', 'LRRFIP2', 'LYST', 'MAP2K1', 'MAP2K3', 'MDFIC', 'METTL21A', 'MOB4', 'MRPL14', 'MSMO1', 'MTMR4', 'MTSS1', 'NAA35', 'NCOA3', 'NDFIP2', 'NDUFV2', 'NEDD1', 'NFAT5', 'NFE2L2', 'NFKB1', 'NFKB2', 'NFKBIA', 'NFKBIZ', 'NFYB', 'NINJ1', 'NR3C1', 'OPTN', 'OTUD4', 'OTULIN', 'PAG1', 'PIK3CA', 'PIM1', 'PIM3', 'PJA2', 'PKM', 'PLEKHO1', 'POU2F1', 'PPIF', 'PPP1R15A', 'PPP3R1', 'PPTC7', 'PRDM1', 'PSTPIP2', 'PTPRJ', 'RAB8B', 'RAB9A', 'RARA', 'RASGEF1B', 'RBM17', 'RBPJ', 'REL', 'RELB', 'REXO1', 'RHOH', 'RIN3', 'RNF43', 'RORA', 'RRAS2', 'RUFY2', 'RUNX3', 'RXRA', 'RYK', 'S100PBP', 'SEC23B', 'SENP1', 'SERPINB9', 'SETD5', 'SGPL1', 'SIPA1L1', 'SLC37A1', 'SLC39A1', 'SLC43A2', 'SLFN11', 'SMAD3', 'SMAP2', 'SQSTM1', 'SRPK1', 'ST8SIA4', 'STAT5A', 'STAT5B', 'SVIP', 'TAB2', 'TANK', 'TCAF2', 'TFG', 'TGIF1', 'TGIF2', 'THUMPD3-AS1', 'TIPRL', 'TMEM165', 'TMEM263', 'TNFAIP8', 'TNIP1', 'TNIP2', 'TOM1', 'TPMT', 'TRAF3', 'TRAF4', 'TRMU', 'TRPM7', 'TSNAX', 'TTC7A', 'TTPAL', 'UBAC2', 'UBE2E3', 'UBE2F', 'USP12', 'UXS1', 'VEZF1', 'WHAMM', 'YAF2', 'YARS', 'ZBTB16', 'ZMIZ1', 'ZNF267', 'ZNF566', 'ZNF598']"
1,NFE2L2_(+),"['ELL2', 'EZH2', 'FOSL2', 'HSPA4', 'INTS6', 'JUND', 'MAFK', 'MAN2A1', 'TCEAL3', 'THAP2', 'TNFAIP3', 'TSC22D2', 'USP36', 'YTHDC1', 'ZNF331']"
1,MECP2_(+),"['AAK1', 'ABHD13', 'ABHD17B', 'ABHD5', 'ACOT7', 'ACTR2', 'ADAR', 'ADD1', 'ADD3', 'ADIPOR1', 'ADPRM', 'AFF4', 'AGL', 'AK5', 'AKAP13', 'AKAP5', 'AKAP9', 'AKIRIN1', 'AKIRIN2', 'ANKRD10', 'ANKRD11', 'ANKRD12', 'ANKRD36C', 'ANKRD37', 'ANKRD44', 'ANKRD44-IT1', 'AP2B1', 'APBB1IP', 'APTX', 'ARHGAP10', 'ARHGAP17', 'ARHGEF3', 'ARID1A', 'ARID1B', 'ARID2', 'ARID5B', 'ARL14EP', 'ARL4C', 'ARL6IP1', 'ARNTL', 'ARRDC3', 'ARSG', 'ASAH1', 'ASH1L', 'ATF7IP', 'ATMIN', 'ATP10D', 'ATP11B', 'ATXN1L', 'ATXN3', 'ATXN7', 'ATXN7L3B', 'AZIN1', 'B3GNT2', 'B4GALT4', 'BACH1', 'BBX', 'BCL2', 'BLVRA', 'BMPR2', 'BNIP2', 'BTG1', 'C16orf87', 'C17orf58', 'C1orf21', 'C21orf91', 'C2orf49', 'C5orf24', 'C5orf56', 'CAMK1D', 'CAMK2D', 'CAST', 'CBL', 'CCDC186', 'CCDC50', 'CCDC88C', 'CCNG2', 'CCNL2', 'CCNY', 'CCPG1', 'CD58', 'CDC14A', 'CDC42EP3', 'CDK11B', 'CDKN1A', 'CDKN1B', 'CDKN2A', 'CDKN2C', 'CEBPB', 'CEBPG', 'CELF2', 'CEP192', 'CEP250', 'CEP350', 'CEPT1', 'CFL2', 'CHAMP1', 'CHCHD7', 'CHD1', 'CHD2', 'CHD7', 'CHIC2', 'CHORDC1', 'CHTOP', 'CHURC1', 'CLEC2B', 'CMC2', 'CNBP', 'CNIH1', 'CNIH4', 'CNOT2', 'CNOT9', 'COLGALT2', 'CPSF2', 'CREBBP', 'CREBRF', 'CRYZL1', 'CSGALNACT2', 'CSNK1G3', 'CTBP2', 'CTCF', 'CTNNA1', 'CTNNB1', 'CYSTM1', 'DAAM1', 'DCAF10', 'DCP2', 'DDHD1', 'DDIT3', 'DDX23', 'DDX59', 'DEK', 'DENND4C', 'DENND6A', 'DGCR8', 'DGKD', 'DIAPH1', 'DIAPH2', 'DICER1', 'DNAJB14', 'DOCK5', 'DPY30', 'DR1', 'DRAM2', 'DSTN', 'DTNBP1', 'DUSP10', 'DUSP4', 'EBAG9', 'EGLN1', 'EIF2S1', 'EIF3A', 'EIF3J', 'EIF4E', 'EIF4E3', 'EIF4ENIF1', 'EIF5B', 'ELL2', 'EMC2', 'EML4', 'ENC1', 'ENTPD4', 'EP300', 'ESCO1', 'ETS1', 'EXTL3', 'F2R', 'FADD', 'FAM168B', 'FAM169A', 'FAM172A', 'FAM192A', 'FAM200B', 'FAM210A', 'FAM24B', 'FAM53B', 'FBRSL1', 'FBXO11', 'FBXW7', 'FCF1', 'FNDC3A', 'FNIP1', 'FOXJ3', 'FRG1', 'G3BP1', 'GATAD2A', 'GFI1', 'GHITM', 'GMEB2', 'GMPS', 'GOLGA4', 'GPATCH2L', 'GPBP1', 'GPR155', 'GPRIN3', 'GTF2A1', 'GTF2I', 'H2AFZ', 'HCCS', 'HELZ', 'HELZ2', 'HERC3', 'HMGB2', 'HMGCS1', 'HMGN4', 'HMGXB4', 'HNRNPC', 'HPGD', 'HPS6', 'HSP90B1', 'HUWE1', 'IKZF1', 'IKZF5', 'IMPA1', 'INIP', 'IPO7', 'IRF2BP2', 'JARID2', 'JAZF1', 'JOSD1', 'KANSL1', 'KAT6A', 'KCTD18', 'KDM4C', 'KDM5B', 'KDM6A', 'KIAA0232', 'KIF13B', 'KIF2A', 'KLF12', 'KLF3', 'KLF6', 'KLHL2', 'KMT2A', 'KMT2E', 'KMT5B', 'KPNA6', 'KYAT3', 'LIMA1', 'LINC00909', 'LINC01578', 'LRRC58', 'LRRFIP1', 'LYRM1', 'MAF', 'MAP3K1', 'MAPK1', 'MAPK1IP1L', 'MAPK6', 'MARCH5', 'MARCH6', 'MARCH7', 'MAT2B', 'MCM9', 'METTL21A', 'MFSD14C', 'MFSD8', 'MGA', 'MGME1', 'MIS18BP1', 'MLLT3', 'MSH6', 'MSL1', 'MSMO1', 'MTSS1', 'MXI1', 'MYLIP', 'N4BP2', 'N4BP2L2', 'NAMPT', 'NAP1L1', 'NCALD', 'NCK1', 'NCOA3', 'NCOA7', 'NDEL1', 'NDFIP1', 'NEK7', 'NFE2L1', 'NFIL3', 'NFX1', 'NFYB', 'NR3C1', 'NUDT4', 'NUFIP2', 'NUP153', 'OGFOD2', 'OMA1', 'OPTN', 'OXR1', 'P4HA1', 'PAFAH1B1', 'PALLD', 'PANK3', 'PANK4', 'PAPOLA', 'PARP4', 'PAX8-AS1', 'PCGF5', 'PCYT1A', 'PDE3B', 'PDE4D', 'PELO', 'PER1', 'PFDN4', 'PGRMC2', 'PHACTR2', 'PHACTR4', 'PHF10', 'PHF20', 'PHF20L1', 'PHF3', 'PIK3R1', 'PITRM1', 'PJA2', 'PLIN2', 'POGZ', 'PPIG', 'PPM1B', 'PPP1R21', 'PPP2R2A', 'PPP2R5A', 'PPP3R1', 'PPTC7', 'PRDM2', 'PRKAA1', 'PRKACB', 'PRKCH', 'PRKCQ', 'PRKCQ-AS1', 'PRKD3', 'PRKRA', 'PRKRIP1', 'PRPF38B', 'PRPF39', 'PRRC1', 'PRRC2C', 'PSMD14', 'PTAR1', 'PTCH1', 'PTP4A2', 'PTPN12', 'PTPRJ', 'PUM1', 'QKI', 'RAB11A', 'RAB21', 'RAB8B', 'RAB9A', 'RABEP1', 'RABGAP1L', 'RAC1', 'RAD21', 'RAD23B', 'RAF1', 'RALGAPA1', 'RANBP2', 'RANBP9', 'RAP1A', 'RAP2A', 'RAPGEF1', 'RARA', 'RASA2', 'RASGRP1', 'RB1CC1', 'RBM17', 'RBM18', 'RCOR1', 'RELB', 'REV1', 'RFC1', 'RFFL', 'RFTN1', 'RICTOR', 'RLIM', 'RNASEH2B', 'RNF13', 'RNF146', 'RNF19A', 'RNF38', 'RNF7', 'RNF8', 'ROCK1', 'RORA', 'RPGR', 'RPL39L', 'RPRD1A', 'RRBP1', 'RSRP1', 'RWDD1', 'RXRA', 'S100A10', 'SAMD3', 'SAP30', 'SATB1', 'SBNO2', 'SCAF4', 'SCAF8', 'SDHA', 'SEC63', 'SECISBP2L', 'SEMA4D', 'SENP1', 'SENP7', 'SERINC3', 'SESN1', 'SETD5', 'SFMBT2', 'SH3GLB1', 'SH3KBP1', 'SHOC2', 'SIK3', 'SLAIN2', 'SLC25A36', 'SLC2A4RG', 'SLC36A4', 'SLC38A1', 'SLC3A2', 'SLC43A3', 'SMAD2', 'SMARCA2', 'SMC2', 'SMS', 'SNHG12', 'SNHG6', 'SNRK', 'SNX13', 'SNX2', 'SP3', 'SPAG9', 'SPATA13', 'SPEN', 'SREBF2', 'SRPK2', 'SRPRB', 'SRSF4', 'SRSF7', 'SSB', 'STAG1', 'STARD4', 'STAT5B', 'STIM2', 'STK11', 'STK17A', 'STK24', 'STK38L', 'STRBP', 'STRN', 'STT3A', 'SUSD6', 'SYTL2', 'TANK', 'TBL1X', 'TBPL1', 'TCP11L2', 'TFDP2', 'TFG', 'TGFBR1', 'TGFBR2', 'TGS1', 'THRAP3', 'TIPARP', 'TIPRL', 'TLK2', 'TM7SF3', 'TMCO3', 'TMEM116', 'TMEM168', 'TMEM50A', 'TMOD3', 'TOB2', 'TOPORS', 'TP53BP2', 'TRAF6', 'TRAPPC11', 'TRDMT1', 'TRIP12', 'TRMO', 'TRPC4AP', 'TTBK2', 'TTC37', 'TTF2', 'UBAP2', 'UBE2E3', 'UBE2G1', 'UBE2H', 'UBE2W', 'UBE3C', 'UBN1', 'UBXN4', 'UBXN7', 'UFSP2', 'UGCG', 'UHRF2', 'UIMC1', 'UNKL', 'UPF2', 'USP1', 'USP10', 'USP16', 'USP24', 'USP28', 'USP3', 'UVRAG', 'VAMP4', 'VPS13C', 'WAC', 'WAC-AS1', 'WASF2', 'WBP4', 'WDFY2', 'WDTC1', 'WIPF1', 'WNK1', 'WWC3', 'WWP2', 'XPO4', 'XRN2', 'YAF2', 'YBX3', 'YEATS2', 'YWHAE', 'YY1', 'ZBTB1', 'ZBTB16', 'ZBTB24', 'ZC3H13', 'ZC3H15', 'ZC3H4', 'ZDHHC21', 'ZEB1', 'ZEB2', 'ZFAND5', 'ZFAND6', 'ZMAT3', 'ZMYM5', 'ZMYND11', 'ZNF148', 'ZNF160', 'ZNF326', 'ZNF600', 'ZNF622', 'ZNF639', 'ZSWIM6']"
1,MXI1_(+),"['ANKRD12', 'ARHGAP5', 'BNIP3L', 'CDK19', 'CHD7', 'FYN', 'JADE1', 'KDM5B', 'LINC01578', 'MBP', 'MYO6', 'NCK1', 'NFIA', 'PIK3R1', 'RCOR3', 'RHOBTB3', 'RORA', 'TSC22D1', 'USP3', 'YES1', 'ZNF292', 'ZNF395']"
1,BHLHE40_(+),"['ADAM17', 'AMD1', 'AMZ2', 'ANKRD37', 'ARHGAP10', 'ARID5B', 'ARL14EP', 'ARRDC3', 'ATF2', 'AZIN1', 'BCL2', 'BHLHE40', 'BIRC2', 'BTG3', 'CCNG2', 'CDKN2AIP', 'CEBPG', 'CGGBP1', 'CHD2', 'CLASP1', 'CLEC2B', 'CNOT9', 'COG3', 'CSNK1G3', 'DENND4A', 'DENND4C', 'DOCK10', 'DUSP10', 'EI24', 'ELOVL5', 'ENC1', 'EPG5', 'ERO1A', 'FAM210A', 'FAM3C', 'FAS', 'FBXO34', 'FCRL3', 'FGFR1OP2', 'FNIP1', 'FOSL2', 'GABPB1', 'GALNT2', 'GAS7', 'GFI1', 'GMEB2', 'GNPDA1', 'GNPTAB', 'GPCPD1', 'H3F3B', 'HEATR5A', 'HIF1A', 'HIST1H4J', 'HMGCS1', 'HMGXB4', 'IGF2R', 'ILKAP', 'ING3', 'INSIG1', 'IRF2BP2', 'ITPRIP', 'IVNS1ABP', 'JAZF1', 'JOSD1', 'KBTBD2', 'KDM5B', 'KLF3', 'KLF6', 'KMT2E', 'KYAT3', 'LIG3', 'LINC01578', 'LITAF', 'MAP3K8', 'MAPK1IP1L', 'MAPK6', 'MDM2', 'MOB4', 'MON2', 'MSMO1', 'MTMR3', 'MTSS1', 'NAMPT', 'NDUFV2', 'NFIL3', 'NFKB1', 'NFKBIZ', 'OSER1', 'P4HA1', 'PAPOLA', 'PDE4D', 'PDK1', 'PHLDA1', 'PIM1', 'PLCL2', 'PLIN2', 'PMAIP1', 'PNRC2', 'POLR2M', 'PPP2R2A', 'PPP3CC', 'PPTC7', 'PRDM1', 'PRPF39', 'PTBP2', 'RAB14', 'RAB21', 'RAB8B', 'RAB9A', 'RASGEF1B', 'RBM39', 'REL', 'RELB', 'RFFL', 'RFWD3', 'RGPD5', 'RGS1', 'RGS2', 'RICTOR', 'RIPK2', 'RLF', 'RNMT', 'RORA', 'RYBP', 'SDCBP', 'SEC24A', 'SEC24D', 'SERTAD2', 'SESN1', 'SFMBT2', 'SFXN1', 'SIK3', 'SLC25A33', 'SNHG15', 'SNHG8', 'SNRK', 'STAT3', 'STAT5B', 'STK17A', 'STK17B', 'TCAF2', 'TFRC', 'THAP9-AS1', 'TMEM68', 'TNFAIP3', 'TNFAIP8', 'TPD52', 'TWF1', 'UBAP2L', 'UBE2D3', 'UBE2F', 'UBE2H', 'UHRF2', 'UIMC1', 'WHAMM', 'YES1', 'ZBTB16', 'ZBTB21', 'ZFAS1', 'ZNF267', 'ZNF286A', 'ZNF292', 'ZNF326', 'ZNF821']"
1,HIC1_(+),"['ACBD5', 'AP5B1', 'BCL6', 'C6orf226', 'CD2', 'CDYL', 'CHPT1', 'COMMD10', 'DARS', 'GFOD1', 'GIPR', 'GOLGA8A', 'HIC1', 'KIFC3', 'KIR3DL1', 'LYPLAL1', 'MEMO1', 'MIR210HG', 'NFIL3', 'PGRMC2', 'PRKACB', 'RAMP1', 'SLA', 'SLC3A2', 'ZBTB4', 'ZFYVE27', 'ZNF184', 'ZNF331']"
